time_s,phase,barbell_detected,barbell_x_px,barbell_y_px,barbell_horizontal_displacement_px,barbell_vertical_displacement_px,barbell_vertical_velocity_px_s,barbell_horizontal_velocity_px_s,barbell_max_height_px,barbell_x_m,barbell_y_m,barbell_z_depth_m,barbell_horizontal_displacement_m,barbell_vertical_displacement_m,barbell_vertical_velocity_m_s,barbell_horizontal_velocity_m_s,barbell_max_height_m
0.076,Setup,True,224.0,420.0,,,,,,-0.5351,0.929,3.222,,,,,
0.169,Setup,True,224.0,420.0,,,,,,-0.5351,0.929,3.222,,,,,
0.263,Setup,True,224.0,420.0,,,,,,-0.5351,0.929,3.222,,,,,
0.341,Setup,True,224.0,419.0,,,,,,-0.5351,0.9238,3.222,,,,,
0.422,Setup,True,225.0,419.0,,,,,,-0.5298,0.9238,3.222,,,,,
0.518,Setup,True,226.0,419.0,,,,,,-0.5219,0.9189,3.205,,,,,
0.61,Setup,True,226.0,417.0,,,,,,-0.5246,0.9133,3.222,,,,,
0.69,Setup,True,226.0,417.0,,,,,,-0.5274,0.9182,3.239,,,,,
0.786,Setup,True,226.0,415.0,,,,,,-0.5302,0.9124,3.256,,,,,
0.879,Setup,True,227.0,415.0,,,,,,-0.5221,0.9077,3.239,,,,,
0.975,Setup,True,227.0,412.0,,,,,,-0.5249,0.8966,3.256,,,,,
1.072,Setup,True,228.0,413.0,,,,,,-0.5142,0.8925,3.222,,,,,
1.163,Setup,True,228.0,412.0,,,,,,-0.5142,0.8873,3.222,,,,,
1.256,Setup,True,228.0,410.0,,,,,,-0.5169,0.8815,3.239,,,,,
1.35,Deadlift Phase,True,230.0,409.0,0.0,0.0,10.66,21.32,0.0,-0.5064,0.8762,3.239,0.0,-0.0,0.0559,0.1118,-0.0
1.446,Deadlift Phase,True,230.0,409.0,0.0,0.0,0.0,0.0,0.0,-0.5038,0.8716,3.222,0.0027,0.0046,0.0487,0.0281,0.0046
1.54,Deadlift Phase,True,230.0,406.0,0.0,3.0,31.84,0.0,3.0,-0.5064,0.8605,3.239,0.0,0.0157,0.1181,-0.0282,0.0157
1.619,Deadlift Phase,True,230.0,406.0,0.0,3.0,0.0,0.0,3.0,-0.5038,0.856,3.222,0.0027,0.0202,0.0571,0.0336,0.0202
1.714,Deadlift Phase,True,230.0,403.0,0.0,6.0,31.92,0.0,6.0,-0.5064,0.8448,3.239,0.0,0.0314,0.1192,-0.0283,0.0314
1.808,Deadlift Phase,True,231.0,403.0,1.0,6.0,0.0,10.52,6.0,-0.4985,0.8403,3.222,0.0079,0.0359,0.0467,0.0829,0.0359
1.903,Deadlift Phase,True,231.0,401.0,1.0,8.0,21.2,0.0,8.0,-0.5012,0.8343,3.239,0.0052,0.0419,0.0641,-0.0279,0.0419
1.992,Deadlift Phase,True,232.0,401.0,2.0,8.0,0.0,11.23,8.0,-0.4933,0.8299,3.222,0.0131,0.0463,0.0492,0.0881,0.0463
2.07,Deadlift Phase,True,233.0,398.0,3.0,11.0,37.84,12.61,11.0,-0.4907,0.8186,3.239,0.0157,0.0576,0.1431,0.0333,0.0576
2.15,Deadlift Phase,True,232.0,397.0,2.0,12.0,12.62,-12.62,12.0,-0.4907,0.8048,3.205,0.0157,0.0714,0.1739,-0.0005,0.0714
2.247,Deadlift Phase,True,232.0,395.0,2.0,14.0,21.1,0.0,14.0,-0.4933,0.7986,3.222,0.0131,0.0776,0.065,-0.0275,0.0776
2.339,Deadlift Phase,True,232.0,395.0,2.0,14.0,0.0,0.0,14.0,-0.4959,0.8029,3.239,0.0105,0.0734,-0.044,-0.0272,0.0776
2.421,Deadlift Phase,True,234.0,391.0,4.0,18.0,50.83,25.42,18.0,-0.488,0.786,3.256,0.0184,0.0902,0.2143,0.1009,0.0902
2.515,Deadlift Phase,True,234.0,391.0,4.0,18.0,0.0,0.0,18.0,-0.4829,0.7778,3.222,0.0235,0.0984,0.0862,0.0535,0.0984
2.61,Deadlift Phase,True,234.0,387.0,4.0,22.0,41.82,0.0,22.0,-0.488,0.7649,3.256,0.0184,0.1113,0.1345,-0.0533,0.1113
2.703,Deadlift Phase,True,234.0,387.0,4.0,22.0,0.0,0.0,22.0,-0.4803,0.7529,3.205,0.0261,0.1233,0.1287,0.0821,0.1233
2.797,Deadlift Phase,True,235.0,383.0,5.0,26.0,42.51,10.63,26.0,-0.4777,0.7361,3.222,0.0287,0.1401,0.1792,0.0284,0.1401
2.893,Deadlift Phase,True,235.0,384.0,5.0,25.0,-10.54,0.0,26.0,-0.4802,0.7452,3.239,0.0262,0.131,-0.0962,-0.0266,0.1401
2.987,Deadlift Phase,True,235.0,379.0,5.0,30.0,52.29,0.0,30.0,-0.4854,0.7268,3.274,0.021,0.1495,0.1928,-0.0543,0.1495
3.078,Deadlift Phase,True,235.0,379.0,5.0,30.0,0.0,0.0,30.0,-0.4777,0.7152,3.222,0.0287,0.161,0.126,0.0842,0.161
3.163,Deadlift Phase,True,235.0,375.0,5.0,34.0,49.35,0.0,34.0,-0.4827,0.7017,3.256,0.0237,0.1745,0.1669,-0.0622,0.1745
3.251,Deadlift Phase,True,235.0,375.0,5.0,34.0,0.0,0.0,34.0,-0.4802,0.698,3.239,0.0262,0.1782,0.0407,0.028,0.1782
3.343,Deadlift Phase,True,235.0,370.0,5.0,39.0,53.49,0.0,39.0,-0.4854,0.6791,3.274,0.021,0.1971,0.2027,-0.0555,0.1971
3.423,Deadlift Phase,True,235.0,371.0,5.0,38.0,-12.56,0.0,39.0,-0.4751,0.67,3.205,0.0313,0.2063,0.1146,0.1285,0.2063
3.518,Deadlift Phase,True,234.0,365.0,4.0,44.0,64.15,-10.69,44.0,-0.488,0.649,3.256,0.0184,0.2272,0.224,-0.1372,0.2272
3.615,Deadlift Phase,True,235.0,366.0,5.0,43.0,-10.35,10.35,44.0,-0.4777,0.6475,3.222,0.0287,0.2288,0.0162,0.1067,0.2288
3.709,Deadlift Phase,True,234.0,361.0,4.0,48.0,52.47,-10.49,48.0,-0.4854,0.6247,3.239,0.021,0.2516,0.2391,-0.0815,0.2516
3.809,Deadlift Phase,True,234.0,360.0,4.0,49.0,10.57,0.0,49.0,-0.4803,0.6129,3.205,0.0261,0.2633,0.1241,0.0539,0.2633
3.895,Deadlift Phase,True,234.0,355.0,4.0,54.0,55.16,0.0,54.0,-0.4854,0.5932,3.239,0.021,0.283,0.2173,-0.0562,0.283
3.975,Deadlift Phase,True,233.0,355.0,3.0,54.0,0.0,-12.37,54.0,-0.4855,0.587,3.205,0.0209,0.2892,0.077,-0.0012,0.2892
4.057,Deadlift Phase,True,233.0,350.0,3.0,59.0,63.08,0.0,59.0,-0.4933,0.57,3.256,0.0132,0.3062,0.2145,-0.0975,0.3062
4.153,Jump Phase,True,233.0,350.0,3.0,59.0,0.0,0.0,59.0,-0.4907,0.567,3.239,0.0157,0.3092,0.0312,0.027,0.3092
4.252,Jump Phase,True,232.0,344.0,2.0,65.0,64.09,-10.68,65.0,-0.4985,0.5384,3.256,0.0079,0.3378,0.3058,-0.0838,0.3378
4.342,Jump Phase,True,232.0,345.0,2.0,64.0,-10.26,0.0,65.0,-0.4907,0.5351,3.205,0.0157,0.3411,0.0333,0.0801,0.3411
4.442,Jump Phase,True,230.0,338.0,0.0,71.0,70.96,-20.27,71.0,-0.5119,0.5096,3.274,-0.0055,0.3666,0.2591,-0.2146,0.3666
4.535,Jump Phase,True,230.0,338.0,0.0,71.0,0.0,0.0,71.0,-0.4959,0.4937,3.172,0.0105,0.3825,0.1746,0.1754,0.3825
4.634,Jump Phase,True,229.0,331.0,-1.0,78.0,71.93,-10.28,78.0,-0.5143,0.4699,3.256,-0.0079,0.4063,0.2446,-0.1891,0.4063
4.726,Jump Phase,True,229.0,331.0,-1.0,78.0,0.0,0.0,78.0,-0.5011,0.4578,3.172,0.0053,0.4184,0.1255,0.1374,0.4184
4.821,Jump Phase,True,228.0,326.0,-2.0,83.0,54.53,-10.91,83.0,-0.5196,0.4436,3.256,-0.0132,0.4327,0.1551,-0.2022,0.4327
4.91,Jump Phase,True,228.0,327.0,-2.0,82.0,-10.74,0.0,83.0,-0.5009,0.4327,3.139,0.0055,0.4435,0.1166,0.2004,0.4435
5.013,Jump Phase,True,226.0,320.0,-4.0,89.0,74.04,-21.15,89.0,-0.5331,0.4142,3.274,-0.0267,0.462,0.1954,-0.34,0.462
5.1,Jump Phase,True,226.0,320.0,-4.0,89.0,0.0,0.0,89.0,-0.5111,0.3971,3.139,-0.0047,0.4791,0.1815,0.2335,0.4791
5.195,Jump Phase,True,225.0,313.0,-5.0,96.0,73.64,-10.52,96.0,-0.5354,0.3751,3.256,-0.029,0.5012,0.2322,-0.2559,0.5012
5.293,Jump Phase,True,225.0,313.0,-5.0,96.0,0.0,0.0,96.0,-0.5136,0.3598,3.123,-0.0071,0.5165,0.1646,0.2349,0.5165
5.387,Jump Phase,True,224.0,307.0,-6.0,102.0,60.27,-10.05,102.0,-0.5322,0.3381,3.205,-0.0258,0.5381,0.2177,-0.1876,0.5381
5.49,Jump Phase,True,224.0,307.0,-6.0,102.0,0.0,0.0,102.0,-0.5241,0.3329,3.156,-0.0177,0.5433,0.0534,0.084,0.5433
5.583,Jump Phase,True,223.0,301.0,-7.0,108.0,64.13,-10.69,108.0,-0.5403,0.3086,3.222,-0.0339,0.5676,0.2599,-0.1729,0.5676
5.673,Jump Phase,True,223.0,300.0,-7.0,109.0,10.49,0.0,109.0,-0.5237,0.2941,3.123,-0.0173,0.5822,0.1524,0.1741,0.5822
5.764,Jump Phase,True,223.0,294.0,-7.0,115.0,66.15,0.0,115.0,-0.5431,0.2735,3.239,-0.0367,0.6027,0.2263,-0.2145,0.6027
5.861,Jump Phase,True,223.0,293.0,-7.0,116.0,10.34,0.0,116.0,-0.5185,0.2561,3.092,-0.0121,0.6201,0.1801,0.2549,0.6201
5.956,Jump Phase,True,225.0,287.0,-5.0,122.0,62.15,20.72,122.0,-0.5243,0.2331,3.188,-0.0178,0.6431,0.2382,-0.0598,0.6431
6.051,Jump Phase,True,226.0,287.0,-4.0,122.0,0.0,10.7,122.0,-0.5061,0.2273,3.108,0.0004,0.649,0.0626,0.1946,0.649
6.148,Jump Phase,True,229.0,280.0,-1.0,129.0,72.43,31.04,129.0,-0.5036,0.197,3.188,0.0028,0.6792,0.3131,0.0255,0.6792
6.239,Jump Phase,True,229.0,280.0,-1.0,129.0,0.0,0.0,129.0,-0.4884,0.1911,3.092,0.018,0.6851,0.0639,0.1634,0.6851
6.335,Jump Phase,True,233.0,273.0,3.0,136.0,73.12,41.79,136.0,-0.4805,0.1601,3.172,0.0259,0.7161,0.3237,0.0826,0.7161
6.431,Jump Phase,True,233.0,274.0,3.0,135.0,-10.49,0.0,136.0,-0.466,0.1602,3.076,0.0404,0.716,-0.0014,0.1526,0.7161
6.528,Jump Phase,True,238.0,267.0,8.0,142.0,70.66,50.47,142.0,-0.4501,0.128,3.139,0.0563,0.7483,0.3257,0.1602,0.7483
6.623,Jump Phase,True,238.0,267.0,8.0,142.0,0.0,0.0,142.0,-0.4411,0.1254,3.076,0.0653,0.7508,0.0275,0.0968,0.7508
6.724,Jump Phase,True,242.0,260.0,12.0,149.0,72.17,41.24,149.0,-0.4298,0.0924,3.139,0.0766,0.7838,0.3401,0.1165,0.7838
6.811,Jump Phase,True,242.0,260.0,12.0,149.0,0.0,0.0,149.0,-0.4212,0.0906,3.076,0.0853,0.7857,0.0204,0.0948,0.7857
6.91,Jump Phase,True,246.0,253.0,16.0,156.0,71.22,40.69,156.0,-0.4012,0.0557,3.076,0.1052,0.8205,0.3544,0.2027,0.8205
6.999,Jump Phase,True,247.0,253.0,17.0,156.0,0.0,11.17,156.0,-0.4023,0.0566,3.123,0.1041,0.8197,-0.0095,-0.012,0.8205
7.093,Jump Phase,True,251.0,246.0,21.0,163.0,75.66,43.23,163.0,-0.3802,0.0211,3.108,0.1262,0.8551,0.3834,0.2385,0.8551
7.193,Jump Phase,True,251.0,246.0,21.0,163.0,0.0,0.0,163.0,-0.3881,0.0215,3.172,0.1183,0.8547,-0.0044,-0.0786,0.8551
7.284,Jump Phase,True,254.0,238.0,24.0,171.0,87.15,32.68,171.0,-0.3669,-0.0192,3.123,0.1395,0.8955,0.444,0.2306,0.8955
7.386,Jump Phase,True,255.0,238.0,25.0,171.0,0.0,10.36,171.0,-0.3714,-0.0197,3.205,0.1351,0.896,0.0052,-0.046,0.896
7.474,Jump Phase,True,259.0,231.0,29.0,178.0,73.88,42.21,178.0,-0.34,-0.0543,3.108,0.1664,0.9306,0.3652,0.3311,0.9306
7.569,Jump Phase,True,259.0,230.0,29.0,179.0,10.67,0.0,179.0,-0.3525,-0.0615,3.222,0.154,0.9378,0.0769,-0.1331,0.9378
7.671,Jump Phase,True,261.0,223.0,31.0,186.0,73.15,20.9,186.0,-0.3315,-0.095,3.123,0.1749,0.9712,0.3499,0.2189,0.9712
7.76,Jump Phase,True,262.0,223.0,32.0,186.0,0.0,10.47,186.0,-0.3386,-0.0986,3.239,0.1678,0.9748,0.0369,-0.074,0.9748
7.858,Jump Phase,True,264.0,216.0,34.0,193.0,71.52,20.43,193.0,-0.3163,-0.1304,3.123,0.1901,1.0066,0.3253,0.2272,1.0066
7.958,Jump Phase,True,264.0,215.0,34.0,194.0,9.95,0.0,194.0,-0.3316,-0.142,3.274,0.1748,1.0182,0.1155,-0.1522,1.0182
8.05,Jump Phase,True,267.0,207.0,37.0,202.0,87.35,32.76,202.0,-0.3044,-0.1777,3.156,0.2021,1.054,0.3902,0.2979,1.054
8.147,Jump Phase,True,267.0,207.0,37.0,202.0,0.0,0.0,202.0,-0.3157,-0.1844,3.274,0.1907,1.0606,0.0688,-0.1179,1.0606
8.243,Jump Phase,True,269.0,200.0,39.0,209.0,73.15,20.9,209.0,-0.2925,-0.2123,3.139,0.2139,1.0886,0.2921,0.2423,1.0886
8.342,Jump Phase,True,269.0,199.0,39.0,210.0,10.78,0.0,210.0,-0.3051,-0.2268,3.274,0.2013,1.103,0.1556,-0.1357,1.103
8.439,Jump Phase,True,270.0,193.0,40.0,216.0,60.86,10.14,216.0,-0.2935,-0.2531,3.205,0.2129,1.1293,0.2672,0.1179,1.1293
8.529,Jump Phase,True,271.0,192.0,41.0,217.0,10.61,10.61,217.0,-0.2945,-0.2638,3.274,0.2119,1.1401,0.114,-0.0108,1.1401
8.622,Jump Phase,True,271.0,185.0,41.0,224.0,76.53,0.0,224.0,-0.2868,-0.293,3.188,0.2196,1.1692,0.319,0.0846,1.1692
8.683,Jump Phase,False,,,,,,,,,,,,,,,
8.783,Jump Phase,True,273.0,179.0,43.0,230.0,36.27,12.09,230.0,-0.2779,-0.3257,3.205,0.2285,1.2019,0.1976,0.0535,1.2019
8.871,Jump Phase,True,272.0,179.0,42.0,230.0,0.0,-11.42,230.0,-0.2892,-0.3327,3.274,0.2172,1.2089,0.08,-0.1288,1.2089
8.963,Jump Phase,True,273.0,172.0,43.0,237.0,74.93,10.7,237.0,-0.2779,-0.362,3.205,0.2285,1.2382,0.3135,0.1208,1.2382
9.059,Jump Phase,True,273.0,172.0,43.0,237.0,0.0,0.0,237.0,-0.2824,-0.3678,3.256,0.2241,1.244,0.0601,-0.0461,1.244
9.154,Jump Phase,True,272.0,167.0,42.0,242.0,54.09,-10.82,242.0,-0.2831,-0.3879,3.205,0.2233,1.2641,0.2182,-0.0083,1.2641
9.247,Jump Phase,True,272.0,167.0,42.0,242.0,0.0,0.0,242.0,-0.2861,-0.392,3.239,0.2203,1.2683,0.0435,-0.0317,1.2683
9.341,Jump Phase,True,272.0,162.0,42.0,247.0,52.75,0.0,247.0,-0.2846,-0.416,3.222,0.2218,1.2923,0.2533,0.0158,1.2923
9.431,Jump Phase,True,272.0,162.0,42.0,247.0,0.0,0.0,247.0,-0.2861,-0.4182,3.239,0.2203,1.2945,0.0243,-0.0166,1.2945
9.51,Jump Phase,True,271.0,157.0,41.0,252.0,63.05,-12.61,252.0,-0.2868,-0.4374,3.188,0.2196,1.3137,0.2422,-0.0083,1.3137
9.606,Jump Phase,True,270.0,158.0,40.0,251.0,-10.58,-10.58,252.0,-0.2966,-0.4392,3.239,0.2098,1.3154,0.0186,-0.104,1.3154
9.698,Jump Phase,True,269.0,155.0,39.0,254.0,32.23,-10.74,254.0,-0.3019,-0.4549,3.239,0.2045,1.3311,0.1689,-0.0563,1.3311
9.793,Jump Phase,True,269.0,154.0,39.0,255.0,10.6,0.0,255.0,-0.3019,-0.4602,3.239,0.2045,1.3364,0.0556,0.0,1.3364
9.887,Jump Phase,True,267.0,151.0,37.0,258.0,31.32,-20.88,258.0,-0.3107,-0.4734,3.222,0.1957,1.3496,0.1381,-0.0924,1.3496
9.983,Jump Phase,True,267.0,151.0,37.0,258.0,0.0,0.0,258.0,-0.314,-0.4784,3.256,0.1924,1.3546,0.0537,-0.0352,1.3546
10.072,Jump Phase,True,264.0,149.0,34.0,260.0,21.9,-32.85,260.0,-0.3281,-0.4864,3.239,0.1783,1.3626,0.0874,-0.1543,1.3626
10.15,Jump Phase,True,264.0,149.0,34.0,260.0,0.0,0.0,260.0,-0.3281,-0.4864,3.239,0.1783,1.3626,-0.0,0.0,1.3626
10.246,Catch Phase,True,261.0,147.0,31.0,262.0,20.92,-31.38,262.0,-0.342,-0.4942,3.222,0.1644,1.3705,0.0824,-0.1457,1.3705
10.339,Catch Phase,True,261.0,147.0,31.0,262.0,0.0,0.0,262.0,-0.3438,-0.4968,3.239,0.1626,1.3731,0.0277,-0.0192,1.3731
10.437,Catch Phase,True,259.0,147.0,29.0,262.0,0.0,-20.94,262.0,-0.3543,-0.4968,3.239,0.1521,1.3731,-0.0,-0.1098,1.3731
10.525,Catch Phase,True,259.0,147.0,29.0,262.0,0.0,0.0,262.0,-0.3543,-0.4968,3.239,0.1521,1.3731,-0.0,0.0,1.3731
10.607,Catch Phase,True,257.0,147.0,27.0,262.0,0.0,-25.03,262.0,-0.3648,-0.4968,3.239,0.1416,1.3731,-0.0,-0.1313,1.3731
10.701,Catch Phase,True,257.0,146.0,27.0,263.0,10.65,0.0,263.0,-0.3629,-0.4995,3.222,0.1435,1.3757,0.0277,0.0204,1.3757
10.777,Catch Phase,True,255.0,146.0,25.0,263.0,0.0,-25.66,263.0,-0.3753,-0.5021,3.239,0.1311,1.3783,0.0338,-0.1591,1.3783
10.859,Catch Phase,True,255.0,147.0,25.0,262.0,-12.38,0.0,263.0,-0.3753,-0.4968,3.239,0.1311,1.3731,-0.0649,0.0,1.3783
10.953,Catch Phase,True,254.0,147.0,24.0,262.0,0.0,-10.63,263.0,-0.3805,-0.4968,3.239,0.1259,1.3731,-0.0,-0.0558,1.3783
11.034,Catch Phase,True,253.0,147.0,23.0,262.0,0.0,-12.45,263.0,-0.3858,-0.4968,3.239,0.1206,1.3731,-0.0,-0.0653,1.3783
11.128,Catch Phase,True,252.0,147.0,22.0,262.0,0.0,-10.63,263.0,-0.391,-0.4968,3.239,0.1154,1.3731,-0.0,-0.0558,1.3783
11.207,Catch Phase,True,252.0,147.0,22.0,262.0,0.0,0.0,263.0,-0.389,-0.4942,3.222,0.1174,1.3705,-0.0328,0.0258,1.3783
11.304,Catch Phase,True,251.0,148.0,21.0,261.0,-10.36,-10.36,263.0,-0.3963,-0.4916,3.239,0.1101,1.3678,-0.0273,-0.0756,1.3783
11.398,Overhead Squat Phase,True,250.0,148.0,20.0,261.0,0.0,-10.68,263.0,-0.4036,-0.4942,3.256,0.1028,1.3704,0.0275,-0.0785,1.3783
11.492,Overhead Squat Phase,True,248.0,148.0,18.0,261.0,0.0,-21.17,263.0,-0.4142,-0.4942,3.256,0.0922,1.3704,-0.0,-0.1116,1.3783
11.582,Overhead Squat Phase,True,249.0,148.0,19.0,261.0,0.0,11.06,263.0,-0.4068,-0.4916,3.239,0.0997,1.3678,-0.0285,0.0819,1.3783
11.663,Overhead Squat Phase,True,247.0,148.0,17.0,261.0,0.0,-24.69,263.0,-0.4173,-0.4916,3.239,0.0892,1.3678,-0.0,-0.1295,1.3783
11.74,Overhead Squat Phase,True,247.0,148.0,17.0,261.0,0.0,0.0,263.0,-0.4151,-0.489,3.222,0.0914,1.3653,-0.0334,0.0283,1.3783
11.822,Overhead Squat Phase,True,246.0,149.0,16.0,260.0,-12.43,-12.43,263.0,-0.4225,-0.4864,3.239,0.0839,1.3626,-0.0331,-0.0924,1.3783
11.902,Overhead Squat Phase,True,246.0,149.0,16.0,260.0,0.0,0.0,263.0,-0.4203,-0.4838,3.222,0.0861,1.36,-0.0315,0.0274,1.3783
11.997,Overhead Squat Phase,True,245.0,149.0,15.0,260.0,0.0,-10.56,263.0,-0.4255,-0.4838,3.222,0.0809,1.36,-0.0,-0.0551,1.3783
12.091,Overhead Squat Phase,True,245.0,149.0,15.0,260.0,0.0,0.0,263.0,-0.4277,-0.4864,3.239,0.0787,1.3626,0.0269,-0.0236,1.3783
12.183,Overhead Squat Phase,True,244.0,149.0,14.0,260.0,0.0,-11.04,263.0,-0.433,-0.4864,3.239,0.0734,1.3626,-0.0,-0.0579,1.3783
12.265,Overhead Squat Phase,True,244.0,149.0,14.0,260.0,0.0,0.0,263.0,-0.433,-0.4864,3.239,0.0734,1.3626,-0.0,0.0,1.3783
12.356,Overhead Squat Phase,True,243.0,148.0,13.0,261.0,10.5,-10.5,263.0,-0.4359,-0.489,3.222,0.0705,1.3653,0.0279,-0.0309,1.3783
12.437,Overhead Squat Phase,True,243.0,148.0,13.0,261.0,0.0,0.0,263.0,-0.4359,-0.489,3.222,0.0705,1.3653,-0.0,0.0,1.3783
12.513,Overhead Squat Phase,True,242.0,147.0,12.0,262.0,12.93,-12.93,263.0,-0.4411,-0.4942,3.222,0.0653,1.3705,0.0674,-0.0674,1.3783
12.595,Overhead Squat Phase,True,242.0,146.0,12.0,263.0,12.59,0.0,263.0,-0.4435,-0.5021,3.239,0.0629,1.3783,0.0988,-0.0293,1.3783
12.69,Overhead Squat Phase,True,241.0,145.0,11.0,264.0,10.42,-10.42,264.0,-0.4464,-0.5047,3.222,0.06,1.3809,0.0269,-0.0301,1.3809
12.785,Overhead Squat Phase,True,242.0,146.0,12.0,263.0,-10.65,10.65,264.0,-0.4435,-0.5021,3.239,0.0629,1.3783,-0.0274,0.0308,1.3809
12.875,Overhead Squat Phase,True,241.0,144.0,11.0,265.0,22.04,-11.02,265.0,-0.4464,-0.5099,3.222,0.06,1.3861,0.0858,-0.0318,1.3861
12.956,Overhead Squat Phase,True,241.0,144.0,11.0,265.0,0.0,0.0,265.0,-0.4511,-0.5153,3.256,0.0553,1.3915,0.0655,-0.0574,1.3915
13.035,Overhead Squat Phase,True,240.0,142.0,10.0,267.0,25.3,-12.65,267.0,-0.454,-0.5231,3.239,0.0524,1.3993,0.0986,-0.0366,1.3993
13.112,Overhead Squat Phase,True,240.0,142.0,10.0,267.0,0.0,0.0,267.0,-0.4563,-0.5258,3.256,0.0501,1.402,0.0358,-0.0311,1.402
13.192,Overhead Squat Phase,True,239.0,140.0,9.0,269.0,24.84,-12.42,269.0,-0.4616,-0.5363,3.256,0.0448,1.4126,0.1309,-0.0655,1.4126
13.289,Overhead Squat Phase,True,239.0,139.0,9.0,270.0,10.43,0.0,270.0,-0.4592,-0.5388,3.239,0.0472,1.415,0.0255,0.0251,1.415
13.38,Overhead Squat Phase,True,239.0,137.0,9.0,272.0,21.98,0.0,272.0,-0.4592,-0.5493,3.239,0.0472,1.4255,0.1152,0.0,1.4255
13.474,Overhead Squat Phase,True,239.0,138.0,9.0,271.0,-10.65,0.0,272.0,-0.4642,-0.5499,3.274,0.0422,1.4261,0.0068,-0.0528,1.4261
13.556,Overhead Squat Phase,True,239.0,136.0,9.0,273.0,24.35,0.0,273.0,-0.4642,-0.5605,3.274,0.0422,1.4367,0.129,0.0,1.4367
13.649,Overhead Squat Phase,True,239.0,135.0,9.0,274.0,10.83,0.0,274.0,-0.4616,-0.5627,3.256,0.0448,1.4389,0.0237,0.0276,1.4389
13.743,Overhead Squat Phase,True,238.0,134.0,8.0,275.0,10.57,-10.57,275.0,-0.4669,-0.5679,3.256,0.0395,1.4442,0.0557,-0.0557,1.4442
13.836,Overhead Squat Phase,True,239.0,133.0,9.0,276.0,10.68,10.68,276.0,-0.4592,-0.5702,3.239,0.0472,1.4464,0.0243,0.082,1.4464
13.927,Overhead Squat Phase,True,238.0,132.0,8.0,277.0,11.07,-11.07,277.0,-0.4645,-0.5755,3.239,0.042,1.4517,0.058,-0.0581,1.4517
14.022,Overhead Squat Phase,True,238.0,132.0,8.0,277.0,0.0,0.0,277.0,-0.4695,-0.5817,3.274,0.0369,1.4579,0.0653,-0.0527,1.4579
14.116,Overhead Squat Phase,True,239.0,129.0,9.0,280.0,31.95,10.65,280.0,-0.4642,-0.5976,3.274,0.0422,1.4738,0.1692,0.0565,1.4738
14.215,Overhead Squat Phase,True,239.0,129.0,9.0,280.0,0.0,0.0,280.0,-0.4642,-0.5976,3.274,0.0422,1.4738,-0.0,0.0,1.4738
14.306,Overhead Squat Phase,True,238.0,127.0,8.0,282.0,21.21,-10.6,282.0,-0.4669,-0.6048,3.256,0.0395,1.481,0.0769,-0.0288,1.481
14.4,Overhead Squat Phase,True,238.0,127.0,8.0,282.0,0.0,0.0,282.0,-0.4695,-0.6082,3.274,0.0369,1.4844,0.036,-0.0278,1.4844
14.493,Overhead Squat Phase,True,237.0,124.0,7.0,285.0,32.33,-10.78,285.0,-0.4722,-0.6206,3.256,0.0342,1.4969,0.1343,-0.029,1.4969
14.593,Overhead Squat Phase,True,238.0,123.0,8.0,286.0,10.34,10.34,286.0,-0.4695,-0.6294,3.274,0.0369,1.5056,0.0903,0.0278,1.5056
14.688,Overhead Squat Phase,True,237.0,120.0,7.0,289.0,31.25,-10.42,289.0,-0.4748,-0.6452,3.274,0.0316,1.5215,0.1655,-0.0552,1.5215
14.785,Overhead Squat Phase,True,237.0,121.0,7.0,288.0,-10.3,0.0,289.0,-0.4748,-0.6399,3.274,0.0316,1.5162,-0.0546,0.0,1.5215
14.873,Overhead Squat Phase,True,237.0,118.0,7.0,291.0,33.15,0.0,291.0,-0.4722,-0.6522,3.256,0.0342,1.5285,0.1358,0.0288,1.5285
14.956,Overhead Squat Phase,True,237.0,118.0,7.0,291.0,0.0,0.0,291.0,-0.4772,-0.6592,3.291,0.0292,1.5355,0.0845,-0.0612,1.5355
15.05,Overhead Squat Phase,True,236.0,115.0,6.0,294.0,31.56,-10.52,294.0,-0.4826,-0.6752,3.291,0.0238,1.5514,0.1681,-0.0561,1.5514
15.15,Overhead Squat Phase,True,236.0,114.0,6.0,295.0,10.58,0.0,295.0,-0.4826,-0.6805,3.291,0.0238,1.5568,0.0563,0.0,1.5568
15.244,Overhead Squat Phase,True,237.0,111.0,7.0,298.0,32.28,10.76,298.0,-0.4748,-0.6929,3.274,0.0316,1.5691,0.1332,0.0839,1.5691
15.334,Overhead Squat Phase,True,237.0,111.0,7.0,298.0,0.0,0.0,298.0,-0.4748,-0.6929,3.274,0.0316,1.5691,-0.0,0.0,1.5691
15.43,Overhead Squat Phase,True,236.0,108.0,6.0,301.0,31.3,-10.43,301.0,-0.4801,-0.7088,3.274,0.0263,1.585,0.1658,-0.0553,1.585
15.525,Overhead Squat Phase,True,237.0,108.0,7.0,301.0,0.0,10.49,301.0,-0.4772,-0.7125,3.291,0.0292,1.5887,0.0386,0.0297,1.5887
15.62,Overhead Squat Phase,True,236.0,105.0,6.0,304.0,31.71,-10.57,304.0,-0.4801,-0.7247,3.274,0.0263,1.6009,0.1291,-0.03,1.6009
15.711,Overhead Squat Phase,True,236.0,105.0,6.0,304.0,0.0,0.0,304.0,-0.4826,-0.7285,3.291,0.0238,1.6047,0.041,-0.0272,1.6047
15.793,Overhead Squat Phase,True,236.0,102.0,6.0,307.0,36.45,0.0,307.0,-0.4801,-0.7406,3.274,0.0263,1.6168,0.1474,0.0303,1.6168
15.892,Overhead Squat Phase,True,236.0,102.0,6.0,307.0,0.0,0.0,307.0,-0.4801,-0.7406,3.274,0.0263,1.6168,-0.0,0.0,1.6168
15.991,Overhead Squat Phase,True,237.0,101.0,7.0,308.0,10.16,10.16,308.0,-0.4748,-0.7459,3.274,0.0316,1.6221,0.0538,0.0539,1.6221
16.088,Overhead Squat Phase,True,237.0,101.0,7.0,308.0,0.0,0.0,308.0,-0.4748,-0.7459,3.274,0.0316,1.6221,-0.0,0.0,1.6221
16.185,Overhead Squat Phase,True,237.0,99.0,7.0,310.0,20.57,0.0,310.0,-0.4722,-0.7523,3.256,0.0342,1.6286,0.0662,0.0268,1.6286
16.269,Overhead Squat Phase,True,237.0,99.0,7.0,310.0,0.0,0.0,310.0,-0.4748,-0.7565,3.274,0.0316,1.6327,0.0473,-0.0297,1.6327
16.37,Overhead Squat Phase,True,237.0,97.0,7.0,312.0,20.51,0.0,312.0,-0.4748,-0.7671,3.274,0.0316,1.6433,0.1086,0.0,1.6433
16.461,Overhead Squat Phase,True,237.0,97.0,7.0,312.0,0.0,0.0,312.0,-0.4799,-0.7753,3.309,0.0266,1.6515,0.0859,-0.0532,1.6515
16.557,Overhead Squat Phase,True,237.0,94.0,7.0,315.0,31.97,0.0,315.0,-0.4748,-0.783,3.274,0.0316,1.6592,0.082,0.0541,1.6592
16.654,Overhead Squat Phase,True,238.0,95.0,8.0,314.0,-10.78,10.78,315.0,-0.4719,-0.7817,3.291,0.0345,1.6579,-0.0136,0.0309,1.6592
16.742,Overhead Squat Phase,True,238.0,94.0,8.0,315.0,10.46,0.0,315.0,-0.4719,-0.787,3.291,0.0345,1.6633,0.0557,0.0,1.6633
16.837,Overhead Squat Phase,True,238.0,94.0,8.0,315.0,0.0,0.0,315.0,-0.4669,-0.7787,3.256,0.0395,1.6549,-0.0872,0.0523,1.6633
16.938,Overhead Squat Phase,True,237.0,92.0,7.0,317.0,20.18,-10.09,317.0,-0.4722,-0.7892,3.256,0.0342,1.6654,0.1063,-0.0532,1.6654
17.028,Overhead Squat Phase,True,238.0,91.0,8.0,318.0,11.01,11.01,318.0,-0.4695,-0.7989,3.274,0.0369,1.6751,0.1064,0.0296,1.6751
17.123,Overhead Squat Phase,True,238.0,90.0,8.0,319.0,10.48,0.0,319.0,-0.4695,-0.8042,3.274,0.0369,1.6804,0.0555,0.0,1.6804
17.223,Overhead Squat Phase,True,238.0,90.0,8.0,319.0,0.0,0.0,319.0,-0.4695,-0.8042,3.274,0.0369,1.6804,-0.0,0.0,1.6804
17.313,Overhead Squat Phase,True,238.0,89.0,8.0,320.0,11.27,0.0,320.0,-0.4695,-0.8095,3.274,0.0369,1.6857,0.0597,0.0,1.6857
17.41,Overhead Squat Phase,True,239.0,88.0,9.0,321.0,10.48,10.48,321.0,-0.4691,-0.8235,3.309,0.0373,1.6997,0.1468,0.0036,1.6997
17.506,Overhead Squat Phase,True,239.0,88.0,9.0,321.0,0.0,0.0,321.0,-0.4691,-0.8235,3.309,0.0373,1.6997,-0.0,0.0,1.6997
17.595,Overhead Squat Phase,True,239.0,88.0,9.0,321.0,0.0,0.0,321.0,-0.4691,-0.8235,3.309,0.0373,1.6997,-0.0,0.0,1.6997
17.694,Overhead Squat Phase,True,239.0,88.0,9.0,321.0,0.0,0.0,321.0,-0.4691,-0.8235,3.309,0.0373,1.6997,-0.0,0.0,1.6997
17.785,Overhead Squat Phase,True,239.0,88.0,9.0,321.0,0.0,0.0,321.0,-0.4691,-0.8235,3.309,0.0373,1.6997,-0.0,0.0,1.6997
17.878,Overhead Squat Phase,True,239.0,87.0,9.0,322.0,10.68,0.0,322.0,-0.4691,-0.8288,3.309,0.0373,1.7051,0.0572,0.0,1.7051
17.962,Overhead Squat Phase,True,239.0,87.0,9.0,322.0,0.0,0.0,322.0,-0.4666,-0.8243,3.291,0.0398,1.7005,-0.054,0.0306,1.7051
18.062,Overhead Squat Phase,True,239.0,87.0,9.0,322.0,0.0,0.0,322.0,-0.4666,-0.8243,3.291,0.0398,1.7005,-0.0,0.0,1.7051
18.161,Overhead Squat Phase,True,239.0,87.0,9.0,322.0,0.0,0.0,322.0,-0.4691,-0.8288,3.309,0.0373,1.7051,0.0498,-0.0282,1.7051
18.243,Overhead Squat Phase,True,239.0,87.0,9.0,322.0,0.0,0.0,322.0,-0.4691,-0.8288,3.309,0.0373,1.7051,-0.0,0.0,1.7051
18.326,Overhead Squat Phase,True,238.0,86.0,8.0,323.0,12.34,-12.34,323.0,-0.4719,-0.8296,3.291,0.0345,1.7059,0.0101,-0.0343,1.7059
18.423,Overhead Squat Phase,True,239.0,86.0,9.0,323.0,0.0,10.34,323.0,-0.4691,-0.8342,3.309,0.0373,1.7104,0.0469,0.0287,1.7104
18.517,Overhead Squat Phase,True,239.0,86.0,9.0,323.0,0.0,0.0,323.0,-0.4691,-0.8342,3.309,0.0373,1.7104,-0.0,0.0,1.7104
18.615,Overhead Squat Phase,True,240.0,86.0,10.0,323.0,0.0,10.26,323.0,-0.4638,-0.8342,3.309,0.0426,1.7104,-0.0,0.055,1.7104
18.707,Overhead Squat Phase,True,240.0,86.0,10.0,323.0,0.0,0.0,323.0,-0.4638,-0.8342,3.309,0.0426,1.7104,-0.0,0.0,1.7104
18.816,Overhead Squat Phase,True,239.0,86.0,9.0,323.0,0.0,-9.74,323.0,-0.4666,-0.8296,3.291,0.0398,1.7059,-0.0442,-0.0273,1.7104
18.917,Overhead Squat Phase,True,240.0,87.0,10.0,322.0,-9.42,9.42,323.0,-0.4638,-0.8288,3.309,0.0426,1.7051,-0.0077,0.0264,1.7104
19.002,Overhead Squat Phase,True,239.0,87.0,9.0,322.0,0.0,-11.26,323.0,-0.4691,-0.8288,3.309,0.0373,1.7051,-0.0,-0.0603,1.7104
19.082,Overhead Squat Phase,True,240.0,87.0,10.0,322.0,0.0,12.8,323.0,-0.4638,-0.8288,3.309,0.0426,1.7051,-0.0,0.0686,1.7104
19.173,Overhead Squat Phase,True,239.0,87.0,9.0,322.0,0.0,-10.87,323.0,-0.4691,-0.8288,3.309,0.0373,1.7051,-0.0,-0.0583,1.7104
19.255,Overhead Squat Phase,True,240.0,88.0,10.0,321.0,-12.14,12.14,323.0,-0.4688,-0.8324,3.345,0.0376,1.7087,0.0438,0.0038,1.7104
19.353,Overhead Squat Phase,True,240.0,88.0,10.0,321.0,0.0,0.0,323.0,-0.4688,-0.8324,3.345,0.0376,1.7087,-0.0,0.0,1.7104
19.45,Overhead Squat Phase,True,240.0,88.0,10.0,321.0,0.0,0.0,323.0,-0.4688,-0.8324,3.345,0.0376,1.7087,-0.0,0.0,1.7104
19.549,Overhead Squat Phase,True,240.0,88.0,10.0,321.0,0.0,0.0,323.0,-0.4688,-0.8324,3.345,0.0376,1.7087,-0.0,0.0,1.7104
19.636,Overhead Squat Phase,True,240.0,88.0,10.0,321.0,0.0,0.0,323.0,-0.4688,-0.8324,3.345,0.0376,1.7087,-0.0,0.0,1.7104
19.731,Overhead Squat Phase,True,240.0,88.0,10.0,321.0,0.0,0.0,323.0,-0.4688,-0.8324,3.345,0.0376,1.7087,-0.0,0.0,1.7104
19.822,Overhead Squat Phase,True,240.0,89.0,10.0,320.0,-10.77,0.0,323.0,-0.4688,-0.827,3.345,0.0376,1.7032,-0.0583,0.0,1.7104
19.915,Overhead Squat Phase,True,241.0,90.0,11.0,319.0,-10.81,10.81,323.0,-0.4634,-0.8216,3.345,0.043,1.6978,-0.0585,0.0586,1.7104
19.995,Overhead Squat Phase,True,240.0,89.0,10.0,320.0,12.6,-12.6,323.0,-0.4688,-0.827,3.345,0.0376,1.7032,0.0682,-0.0682,1.7104
20.071,Overhead Squat Phase,True,241.0,89.0,11.0,320.0,0.0,12.91,323.0,-0.4634,-0.827,3.345,0.043,1.7032,-0.0,0.0699,1.7104
20.155,Overhead Squat Phase,True,241.0,90.0,11.0,319.0,-12.35,0.0,323.0,-0.466,-0.8263,3.364,0.0404,1.7025,-0.0092,-0.0325,1.7104
20.246,Overhead Squat Phase,True,241.0,90.0,11.0,319.0,0.0,0.0,323.0,-0.466,-0.8263,3.364,0.0404,1.7025,-0.0,0.0,1.7104
20.324,Overhead Squat Phase,True,240.0,90.0,10.0,319.0,0.0,-12.68,323.0,-0.4688,-0.8216,3.345,0.0376,1.6978,-0.0592,-0.0353,1.7104
20.405,Overhead Squat Phase,True,241.0,90.0,11.0,319.0,0.0,12.32,323.0,-0.4634,-0.8216,3.345,0.043,1.6978,-0.0,0.0667,1.7104
20.482,Overhead Squat Phase,True,241.0,90.0,11.0,319.0,0.0,0.0,323.0,-0.4609,-0.8172,3.327,0.0455,1.6934,-0.0571,0.0322,1.7104
20.563,Overhead Squat Phase,True,241.0,90.0,11.0,319.0,0.0,0.0,323.0,-0.4609,-0.8172,3.327,0.0455,1.6934,-0.0,0.0,1.7104
20.662,Overhead Squat Phase,True,242.0,90.0,12.0,319.0,0.0,10.6,323.0,-0.458,-0.8216,3.345,0.0484,1.6978,0.0469,0.031,1.7104
20.751,Overhead Squat Phase,True,242.0,91.0,12.0,318.0,-10.61,0.0,323.0,-0.458,-0.8162,3.345,0.0484,1.6924,-0.0574,0.0,1.7104
20.846,Overhead Squat Phase,True,241.0,91.0,11.0,318.0,0.0,-10.58,323.0,-0.466,-0.8208,3.364,0.0404,1.6971,0.049,-0.0852,1.7104
20.939,Overhead Squat Phase,True,242.0,91.0,12.0,318.0,0.0,10.8,323.0,-0.4606,-0.8208,3.364,0.0458,1.6971,-0.0,0.0588,1.7104
21.019,Overhead Squat Phase,True,242.0,91.0,12.0,318.0,0.0,0.0,323.0,-0.4606,-0.8208,3.364,0.0458,1.6971,-0.0,0.0,1.7104
21.118,Overhead Squat Phase,True,243.0,91.0,13.0,318.0,0.0,10.14,323.0,-0.4576,-0.8252,3.382,0.0488,1.7014,0.0446,0.0306,1.7104
21.207,Overhead Squat Phase,True,243.0,91.0,13.0,318.0,0.0,0.0,323.0,-0.4576,-0.8252,3.382,0.0488,1.7014,-0.0,0.0,1.7104
21.288,Overhead Squat Phase,True,243.0,92.0,13.0,317.0,-12.37,0.0,323.0,-0.4576,-0.8198,3.382,0.0488,1.696,-0.0677,0.0,1.7104
21.383,Overhead Squat Phase,True,243.0,92.0,13.0,317.0,0.0,0.0,323.0,-0.4551,-0.8154,3.364,0.0513,1.6916,-0.0462,0.0258,1.7104
21.482,Overhead Squat Phase,True,244.0,92.0,14.0,317.0,0.0,10.51,323.0,-0.4521,-0.8198,3.382,0.0543,1.696,0.0459,0.032,1.7104
21.568,Overhead Squat Phase,True,243.0,92.0,13.0,317.0,0.0,-11.06,323.0,-0.4601,-0.8244,3.401,0.0463,1.7006,0.0509,-0.089,1.7104
21.663,Overhead Squat Phase,True,243.0,92.0,13.0,317.0,0.0,0.0,323.0,-0.4601,-0.8244,3.401,0.0463,1.7006,-0.0,0.0,1.7104
21.755,Overhead Squat Phase,True,243.0,92.0,13.0,317.0,0.0,0.0,323.0,-0.4576,-0.8198,3.382,0.0488,1.696,-0.0492,0.0275,1.7104
21.835,Overhead Squat Phase,True,244.0,92.0,14.0,317.0,0.0,12.49,323.0,-0.4521,-0.8198,3.382,0.0543,1.696,-0.0,0.0684,1.7104
21.93,Overhead Squat Phase,True,244.0,93.0,14.0,316.0,-10.65,0.0,323.0,-0.4546,-0.8189,3.401,0.0518,1.6951,-0.0096,-0.027,1.7104
22.024,Overhead Squat Phase,True,244.0,93.0,14.0,316.0,0.0,0.0,323.0,-0.4546,-0.8189,3.401,0.0518,1.6951,-0.0,0.0,1.7104
22.118,Overhead Squat Phase,True,244.0,93.0,14.0,316.0,0.0,0.0,323.0,-0.4472,-0.8054,3.345,0.0593,1.6816,-0.1416,0.0786,1.7104
22.196,Overhead Squat Phase,True,244.0,93.0,14.0,316.0,0.0,0.0,323.0,-0.4472,-0.8054,3.345,0.0593,1.6816,-0.0,0.0,1.7104
22.277,Overhead Squat Phase,True,245.0,93.0,15.0,316.0,0.0,12.51,323.0,-0.4442,-0.8099,3.364,0.0622,1.6862,0.0572,0.0364,1.7104
22.368,Overhead Squat Phase,True,245.0,93.0,15.0,316.0,0.0,0.0,323.0,-0.4442,-0.8099,3.364,0.0622,1.6862,-0.0,0.0,1.7104
22.448,Overhead Squat Phase,True,245.0,94.0,15.0,315.0,-12.54,0.0,323.0,-0.4466,-0.8088,3.382,0.0598,1.685,-0.0143,-0.0298,1.7104
22.549,Overhead Squat Phase,True,246.0,93.0,16.0,316.0,10.29,10.29,323.0,-0.4388,-0.8099,3.364,0.0676,1.6862,0.0117,0.0805,1.7104
22.637,Overhead Squat Phase,True,246.0,94.0,16.0,315.0,-10.9,0.0,323.0,-0.4436,-0.8134,3.401,0.0628,1.6896,0.0371,-0.0526,1.7104
22.714,Overhead Squat Phase,True,246.0,94.0,16.0,315.0,0.0,0.0,323.0,-0.4436,-0.8134,3.401,0.0628,1.6896,-0.0,0.0,1.7104
22.797,Overhead Squat Phase,True,247.0,94.0,17.0,315.0,0.0,12.44,323.0,-0.4381,-0.8134,3.401,0.0683,1.6896,-0.0,0.0685,1.7104
22.89,Overhead Squat Phase,True,247.0,94.0,17.0,315.0,0.0,0.0,323.0,-0.4381,-0.8134,3.401,0.0683,1.6896,-0.0,0.0,1.7104
22.986,Overhead Squat Phase,True,246.0,94.0,16.0,315.0,0.0,-10.53,323.0,-0.4486,-0.8224,3.439,0.0578,1.6987,0.0957,-0.1101,1.7104
23.064,Overhead Squat Phase,True,247.0,95.0,17.0,314.0,-12.67,12.67,323.0,-0.443,-0.8169,3.439,0.0634,1.6931,-0.0705,0.0706,1.7104
23.155,Overhead Squat Phase,True,247.0,95.0,17.0,314.0,0.0,0.0,323.0,-0.4357,-0.8033,3.382,0.0707,1.6796,-0.1484,0.0805,1.7104
23.237,Overhead Squat Phase,True,247.0,95.0,17.0,314.0,0.0,0.0,323.0,-0.4357,-0.8033,3.382,0.0707,1.6796,-0.0,0.0,1.7104
23.332,Overhead Squat Phase,True,247.0,95.0,17.0,314.0,0.0,0.0,323.0,-0.4357,-0.8033,3.382,0.0707,1.6796,-0.0,0.0,1.7104
23.422,Overhead Squat Phase,True,248.0,95.0,18.0,314.0,0.0,10.91,323.0,-0.4302,-0.8033,3.382,0.0762,1.6796,-0.0,0.0597,1.7104
23.519,Overhead Squat Phase,True,248.0,95.0,18.0,314.0,0.0,0.0,323.0,-0.4326,-0.8078,3.401,0.0738,1.6841,0.0466,-0.0249,1.7104
23.61,Overhead Squat Phase,True,248.0,95.0,18.0,314.0,0.0,0.0,323.0,-0.4326,-0.8078,3.401,0.0738,1.6841,-0.0,0.0,1.7104
23.689,Overhead Squat Phase,True,248.0,95.0,18.0,314.0,0.0,0.0,323.0,-0.4326,-0.8078,3.401,0.0738,1.6841,-0.0,0.0,1.7104
23.77,Overhead Squat Phase,True,248.0,96.0,18.0,313.0,-12.28,0.0,323.0,-0.4326,-0.8023,3.401,0.0738,1.6786,-0.0675,0.0,1.7104
23.864,Overhead Squat Phase,True,249.0,96.0,19.0,313.0,0.0,10.73,323.0,-0.4247,-0.7979,3.382,0.0817,1.6741,-0.0481,0.0847,1.7104
23.956,Overhead Squat Phase,True,249.0,96.0,19.0,313.0,0.0,0.0,323.0,-0.4247,-0.7979,3.382,0.0817,1.6741,-0.0,0.0,1.7104
24.053,Overhead Squat Phase,True,249.0,96.0,19.0,313.0,0.0,0.0,323.0,-0.4225,-0.7936,3.364,0.084,1.6698,-0.0441,0.0235,1.7104
24.15,Overhead Squat Phase,True,249.0,97.0,19.0,312.0,-10.45,0.0,323.0,-0.4225,-0.7882,3.364,0.084,1.6644,-0.0569,0.0,1.7104
24.24,Overhead Squat Phase,True,250.0,97.0,20.0,312.0,0.0,11.02,323.0,-0.4124,-0.7795,3.327,0.094,1.6557,-0.0955,0.1106,1.7104
24.335,Overhead Squat Phase,True,250.0,98.0,20.0,311.0,-10.48,0.0,323.0,-0.4124,-0.7741,3.327,0.094,1.6503,-0.0564,0.0,1.7104
24.426,Overhead Squat Phase,True,249.0,98.0,19.0,311.0,0.0,-11.0,323.0,-0.4201,-0.7783,3.345,0.0863,1.6545,0.0461,-0.0842,1.7104
24.506,Overhead Squat Phase,True,251.0,98.0,21.0,311.0,0.0,24.85,323.0,-0.4116,-0.7827,3.364,0.0948,1.659,0.0549,0.1057,1.7104
24.598,Overhead Squat Phase,True,250.0,98.0,20.0,311.0,0.0,-10.75,323.0,-0.417,-0.7827,3.364,0.0894,1.659,-0.0,-0.0586,1.7104
24.68,Overhead Squat Phase,True,250.0,99.0,20.0,310.0,-12.42,0.0,323.0,-0.4192,-0.7814,3.382,0.0872,1.6577,-0.016,-0.0277,1.7104
24.757,Overhead Squat Phase,True,250.0,99.0,20.0,310.0,0.0,0.0,323.0,-0.4147,-0.7729,3.345,0.0918,1.6491,-0.1096,0.0588,1.7104
24.838,Overhead Squat Phase,True,251.0,100.0,21.0,309.0,-12.37,12.37,323.0,-0.4092,-0.7675,3.345,0.0972,1.6437,-0.067,0.067,1.7104
24.919,Overhead Squat Phase,True,252.0,101.0,22.0,308.0,-12.51,12.51,323.0,-0.4017,-0.758,3.327,0.1048,1.6342,-0.119,0.0949,1.7104
25.001,Overhead Squat Phase,True,253.0,102.0,23.0,307.0,-12.44,12.44,323.0,-0.3984,-0.7567,3.345,0.108,1.6329,-0.0163,0.0404,1.7104
25.098,Overhead Squat Phase,True,253.0,102.0,23.0,307.0,-12.44,12.44,323.0,-0.4007,-0.761,3.364,0.108,1.6329,-0.0163,0.0404,1.7104
25.195,Overhead Squat Phase,True,254.0,103.0,23.0,307.0,-12.44,12.44,323.0,-0.3973,-0.7596,3.382,0.108,1.6329,-0.0163,0.0404,1.7104
25.286,Overhead Squat Phase,True,253.0,103.0,23.0,307.0,-12.44,12.44,323.0,-0.3984,-0.7512,3.345,0.108,1.6329,-0.0163,0.0404,1.7104
25.382,Overhead Squat Phase,True,253.0,104.0,23.0,307.0,-12.44,12.44,323.0,-0.3984,-0.7458,3.345,0.108,1.6329,-0.0163,0.0404,1.7104
25.479,Overhead Squat Phase,True,254.0,104.0,23.0,307.0,-12.44,12.44,323.0,-0.3909,-0.7418,3.327,0.108,1.6329,-0.0163,0.0404,1.7104
25.571,Overhead Squat Phase,True,255.0,106.0,23.0,307.0,-12.44,12.44,323.0,-0.3876,-0.735,3.345,0.108,1.6329,-0.0163,0.0404,1.7104
25.662,Overhead Squat Phase,True,255.0,107.0,23.0,307.0,-12.44,12.44,323.0,-0.3876,-0.7296,3.345,0.108,1.6329,-0.0163,0.0404,1.7104
25.753,Overhead Squat Phase,True,255.0,107.0,23.0,307.0,-12.44,12.44,323.0,-0.3876,-0.7296,3.345,0.108,1.6329,-0.0163,0.0404,1.7104
25.852,Overhead Squat Phase,True,255.0,108.0,23.0,307.0,-12.44,12.44,323.0,-0.3813,-0.7125,3.291,0.108,1.6329,-0.0163,0.0404,1.7104
25.949,Overhead Squat Phase,True,256.0,109.0,23.0,307.0,-12.44,12.44,323.0,-0.376,-0.7072,3.291,0.108,1.6329,-0.0163,0.0404,1.7104
26.045,Overhead Squat Phase,True,256.0,109.0,23.0,307.0,-12.44,12.44,323.0,-0.376,-0.7072,3.291,0.108,1.6329,-0.0163,0.0404,1.7104
26.131,Overhead Squat Phase,True,256.0,110.0,23.0,307.0,-12.44,12.44,323.0,-0.376,-0.7018,3.291,0.108,1.6329,-0.0163,0.0404,1.7104
26.229,Overhead Squat Phase,True,257.0,111.0,23.0,307.0,-12.44,12.44,323.0,-0.3707,-0.6965,3.291,0.108,1.6329,-0.0163,0.0404,1.7104
26.326,Overhead Squat Phase,True,257.0,112.0,23.0,307.0,-12.44,12.44,323.0,-0.3707,-0.6912,3.291,0.108,1.6329,-0.0163,0.0404,1.7104
26.423,Overhead Squat Phase,True,256.0,112.0,23.0,307.0,-12.44,12.44,323.0,-0.378,-0.695,3.309,0.108,1.6329,-0.0163,0.0404,1.7104
26.515,Overhead Squat Phase,True,256.0,114.0,23.0,307.0,-12.44,12.44,323.0,-0.378,-0.6843,3.309,0.108,1.6329,-0.0163,0.0404,1.7104
26.611,Overhead Squat Phase,True,257.0,114.0,23.0,307.0,-12.44,12.44,323.0,-0.3727,-0.6843,3.309,0.108,1.6329,-0.0163,0.0404,1.7104
26.701,Overhead Squat Phase,True,258.0,117.0,23.0,307.0,-12.44,12.44,323.0,-0.3693,-0.6718,3.327,0.108,1.6329,-0.0163,0.0404,1.7104
26.798,Overhead Squat Phase,True,257.0,116.0,23.0,307.0,-12.44,12.44,323.0,-0.3707,-0.6699,3.291,0.108,1.6329,-0.0163,0.0404,1.7104
26.89,Overhead Squat Phase,True,258.0,118.0,23.0,307.0,-12.44,12.44,323.0,-0.3673,-0.6629,3.309,0.108,1.6329,-0.0163,0.0404,1.7104
26.985,Overhead Squat Phase,True,258.0,119.0,23.0,307.0,-12.44,12.44,323.0,-0.3614,-0.647,3.256,0.108,1.6329,-0.0163,0.0404,1.7104
27.079,Overhead Squat Phase,True,259.0,122.0,23.0,307.0,-12.44,12.44,323.0,-0.3581,-0.6347,3.274,0.108,1.6329,-0.0163,0.0404,1.7104
27.175,Overhead Squat Phase,True,259.0,121.0,23.0,307.0,-12.44,12.44,323.0,-0.3581,-0.6399,3.274,0.108,1.6329,-0.0163,0.0404,1.7104
27.278,Overhead Squat Phase,True,259.0,123.0,23.0,307.0,-12.44,12.44,323.0,-0.3581,-0.6294,3.274,0.108,1.6329,-0.0163,0.0404,1.7104
27.366,Overhead Squat Phase,True,259.0,123.0,23.0,307.0,-12.44,12.44,323.0,-0.36,-0.6326,3.291,0.108,1.6329,-0.0163,0.0404,1.7104
27.459,Overhead Squat Phase,True,260.0,126.0,23.0,307.0,-12.44,12.44,323.0,-0.3547,-0.6166,3.291,0.108,1.6329,-0.0163,0.0404,1.7104
27.559,Overhead Squat Phase,True,260.0,126.0,23.0,307.0,-12.44,12.44,323.0,-0.3528,-0.6135,3.274,0.108,1.6329,-0.0163,0.0404,1.7104
27.652,Overhead Squat Phase,True,260.0,127.0,23.0,307.0,-12.44,12.44,323.0,-0.3528,-0.6082,3.274,0.108,1.6329,-0.0163,0.0404,1.7104
27.745,Overhead Squat Phase,True,260.0,127.0,23.0,307.0,-12.44,12.44,323.0,-0.3509,-0.6048,3.256,0.108,1.6329,-0.0163,0.0404,1.7104
27.847,Overhead Squat Phase,True,261.0,129.0,23.0,307.0,-12.44,12.44,323.0,-0.3475,-0.5976,3.274,0.108,1.6329,-0.0163,0.0404,1.7104
27.937,Overhead Squat Phase,True,261.0,130.0,23.0,307.0,-12.44,12.44,323.0,-0.3402,-0.5798,3.205,0.108,1.6329,-0.0163,0.0404,1.7104
28.033,Overhead Squat Phase,True,261.0,133.0,23.0,307.0,-12.44,12.44,323.0,-0.3438,-0.5702,3.239,0.108,1.6329,-0.0163,0.0404,1.7104
28.129,Overhead Squat Phase,True,261.0,133.0,23.0,307.0,-12.44,12.44,323.0,-0.3438,-0.5702,3.239,0.108,1.6329,-0.0163,0.0404,1.7104
28.223,Overhead Squat Phase,True,262.0,135.0,23.0,307.0,-12.44,12.44,323.0,-0.3404,-0.5627,3.256,0.108,1.6329,-0.0163,0.0404,1.7104
28.324,Overhead Squat Phase,True,262.0,135.0,23.0,307.0,-12.44,12.44,323.0,-0.3404,-0.5627,3.256,0.108,1.6329,-0.0163,0.0404,1.7104
28.417,Overhead Squat Phase,True,262.0,139.0,23.0,307.0,-12.44,12.44,323.0,-0.344,-0.5474,3.291,0.108,1.6329,-0.0163,0.0404,1.7104
28.509,Overhead Squat Phase,True,262.0,138.0,23.0,307.0,-12.44,12.44,323.0,-0.3386,-0.544,3.239,0.108,1.6329,-0.0163,0.0404,1.7104
28.602,Overhead Squat Phase,True,263.0,142.0,23.0,307.0,-12.44,12.44,323.0,-0.3351,-0.5258,3.256,0.108,1.6329,-0.0163,0.0404,1.7104
28.7,Overhead Squat Phase,True,263.0,141.0,23.0,307.0,-12.44,12.44,323.0,-0.3281,-0.52,3.188,0.108,1.6329,-0.0163,0.0404,1.7104
28.803,Overhead Squat Phase,True,264.0,144.0,23.0,307.0,-12.44,12.44,323.0,-0.3281,-0.5126,3.239,0.108,1.6329,-0.0163,0.0404,1.7104
28.894,Overhead Squat Phase,True,263.0,145.0,23.0,307.0,-12.44,12.44,323.0,-0.3333,-0.5073,3.239,0.108,1.6329,-0.0163,0.0404,1.7104
28.983,Overhead Squat Phase,True,263.0,148.0,23.0,307.0,-12.44,12.44,323.0,-0.3351,-0.4942,3.256,0.108,1.6329,-0.0163,0.0404,1.7104
29.086,Overhead Squat Phase,True,264.0,149.0,23.0,307.0,-12.44,12.44,323.0,-0.3264,-0.4838,3.222,0.108,1.6329,-0.0163,0.0404,1.7104
29.172,Overhead Squat Phase,True,265.0,152.0,23.0,307.0,-12.44,12.44,323.0,-0.3245,-0.4731,3.256,0.108,1.6329,-0.0163,0.0404,1.7104
29.274,Overhead Squat Phase,True,265.0,152.0,23.0,307.0,-12.44,12.44,323.0,-0.3178,-0.4632,3.188,0.108,1.6329,-0.0163,0.0404,1.7104
29.362,Overhead Squat Phase,True,266.0,156.0,23.0,307.0,-12.44,12.44,323.0,-0.3176,-0.4497,3.239,0.108,1.6329,-0.0163,0.0404,1.7104
29.463,Overhead Squat Phase,True,266.0,156.0,23.0,307.0,-12.44,12.44,323.0,-0.311,-0.4404,3.172,0.108,1.6329,-0.0163,0.0404,1.7104
29.549,Overhead Squat Phase,True,266.0,160.0,23.0,307.0,-12.44,12.44,323.0,-0.3159,-0.4265,3.222,0.108,1.6329,-0.0163,0.0404,1.7104
29.644,Overhead Squat Phase,True,267.0,160.0,23.0,307.0,-12.44,12.44,323.0,-0.3074,-0.422,3.188,0.108,1.6329,-0.0163,0.0404,1.7104
29.737,Overhead Squat Phase,True,267.0,165.0,23.0,307.0,-12.44,12.44,323.0,-0.3124,-0.4025,3.239,0.108,1.6329,-0.0163,0.0404,1.7104
29.818,Overhead Squat Phase,True,267.0,165.0,23.0,307.0,-12.44,12.44,323.0,-0.3059,-0.3942,3.172,0.108,1.6329,-0.0163,0.0404,1.7104
29.912,Overhead Squat Phase,True,268.0,170.0,23.0,307.0,-12.44,12.44,323.0,-0.3071,-0.3763,3.239,0.108,1.6329,-0.0163,0.0404,1.7104
30.007,Overhead Squat Phase,True,268.0,169.0,23.0,307.0,-12.44,12.44,323.0,-0.3008,-0.3737,3.172,0.108,1.6329,-0.0163,0.0404,1.7104
30.103,Overhead Squat Phase,True,269.0,174.0,23.0,307.0,-12.44,12.44,323.0,-0.3019,-0.3553,3.239,0.108,1.6329,-0.0163,0.0404,1.7104
30.196,Overhead Squat Phase,True,270.0,174.0,23.0,307.0,-12.44,12.44,323.0,-0.2875,-0.3444,3.139,0.108,1.6329,-0.0163,0.0404,1.7104
30.289,Overhead Squat Phase,True,270.0,180.0,23.0,307.0,-12.44,12.44,323.0,-0.2966,-0.3239,3.239,0.108,1.6329,-0.0163,0.0404,1.7104
30.382,Overhead Squat Phase,True,270.0,180.0,23.0,307.0,-12.44,12.44,323.0,-0.2905,-0.3172,3.172,0.108,1.6329,-0.0163,0.0404,1.7104
30.477,Overhead Squat Phase,True,270.0,186.0,23.0,307.0,-12.44,12.44,323.0,-0.2982,-0.294,3.256,0.108,1.6329,-0.0163,0.0404,1.7104
30.572,Overhead Squat Phase,True,271.0,186.0,23.0,307.0,-12.44,12.44,323.0,-0.2809,-0.282,3.123,0.108,1.6329,-0.0163,0.0404,1.7104
30.661,Overhead Squat Phase,True,272.0,193.0,23.0,307.0,-12.44,12.44,323.0,-0.2846,-0.2544,3.222,0.108,1.6329,-0.0163,0.0404,1.7104
30.744,Overhead Squat Phase,True,272.0,194.0,23.0,307.0,-12.44,12.44,323.0,-0.2773,-0.2428,3.139,0.108,1.6329,-0.0163,0.0404,1.7104
30.84,Overhead Squat Phase,True,272.0,200.0,23.0,307.0,-12.44,12.44,323.0,-0.2831,-0.2168,3.205,0.108,1.6329,-0.0163,0.0404,1.7104
30.925,Overhead Squat Phase,True,271.0,199.0,23.0,307.0,-12.44,12.44,323.0,-0.2839,-0.2186,3.156,0.108,1.6329,-0.0163,0.0404,1.7104
31.005,Overhead Squat Phase,True,272.0,207.0,23.0,307.0,-12.44,12.44,323.0,-0.2816,-0.1795,3.188,0.108,1.6329,-0.0163,0.0404,1.7104
31.101,Overhead Squat Phase,True,272.0,208.0,23.0,307.0,-12.44,12.44,323.0,-0.2773,-0.1717,3.139,0.108,1.6329,-0.0163,0.0404,1.7104
31.198,Overhead Squat Phase,True,272.0,215.0,23.0,307.0,-12.44,12.44,323.0,-0.2802,-0.1376,3.172,0.108,1.6329,-0.0163,0.0404,1.7104
31.289,Overhead Squat Phase,True,272.0,216.0,23.0,307.0,-12.44,12.44,323.0,-0.2773,-0.1311,3.139,0.108,1.6329,-0.0163,0.0404,1.7104
31.381,Overhead Squat Phase,True,272.0,223.0,23.0,307.0,-12.44,12.44,323.0,-0.2773,-0.0955,3.139,0.108,1.6329,-0.0163,0.0404,1.7104
31.459,Overhead Squat Phase,True,271.0,223.0,23.0,307.0,-12.44,12.44,323.0,-0.2854,-0.0965,3.172,0.108,1.6329,-0.0163,0.0404,1.7104
31.537,Overhead Squat Phase,True,270.0,232.0,23.0,307.0,-12.44,12.44,323.0,-0.2905,-0.0503,3.172,0.108,1.6329,-0.0163,0.0404,1.7104
31.633,Overhead Squat Phase,True,270.0,232.0,23.0,307.0,-12.44,12.44,323.0,-0.2846,-0.0493,3.108,0.108,1.6329,-0.0163,0.0404,1.7104
31.727,Overhead Squat Phase,True,269.0,238.0,23.0,307.0,-12.44,12.44,323.0,-0.2867,-0.0189,3.076,0.108,1.6329,-0.0163,0.0404,1.7104
31.82,Overhead Squat Phase,True,268.0,238.0,23.0,307.0,-12.44,12.44,323.0,-0.3023,-0.0196,3.188,0.108,1.6329,-0.0163,0.0404,1.7104
31.914,Overhead Squat Phase,True,266.0,245.0,23.0,307.0,-12.44,12.44,323.0,-0.3062,0.0161,3.123,0.108,1.6329,-0.0163,0.0404,1.7104
32.009,Overhead Squat Phase,True,266.0,245.0,23.0,307.0,-12.44,12.44,323.0,-0.3143,0.0166,3.205,0.108,1.6329,-0.0163,0.0404,1.7104
32.103,Overhead Squat Phase,True,264.0,251.0,23.0,307.0,-12.44,12.44,323.0,-0.3148,0.0462,3.108,0.108,1.6329,-0.0163,0.0404,1.7104
32.183,Overhead Squat Phase,True,264.0,252.0,23.0,307.0,-12.44,12.44,323.0,-0.3264,0.0531,3.222,0.108,1.6329,-0.0163,0.0404,1.7104
32.277,Overhead Squat Phase,True,262.0,259.0,23.0,307.0,-12.44,12.44,323.0,-0.3249,0.0865,3.108,0.108,1.6329,-0.0163,0.0404,1.7104
32.37,Overhead Squat Phase,True,262.0,259.0,23.0,307.0,-12.44,12.44,323.0,-0.3368,0.0896,3.222,0.108,1.6329,-0.0163,0.0404,1.7104
32.45,Overhead Squat Phase,True,259.0,265.0,23.0,307.0,-12.44,12.44,323.0,-0.3382,0.116,3.092,0.108,1.6329,-0.0163,0.0404,1.7104
32.545,Overhead Squat Phase,True,259.0,266.0,23.0,307.0,-12.44,12.44,323.0,-0.3506,0.1255,3.205,0.108,1.6329,-0.0163,0.0404,1.7104
32.639,Overhead Squat Phase,True,257.0,272.0,23.0,307.0,-12.44,12.44,323.0,-0.3501,0.1518,3.108,0.108,1.6329,-0.0163,0.0404,1.7104
32.717,Overhead Squat Phase,True,257.0,272.0,23.0,307.0,-12.44,12.44,323.0,-0.361,0.1566,3.205,0.108,1.6329,-0.0163,0.0404,1.7104
32.812,Overhead Squat Phase,True,254.0,278.0,23.0,307.0,-12.44,12.44,323.0,-0.3651,0.182,3.108,0.108,1.6329,-0.0163,0.0404,1.7104
32.891,Overhead Squat Phase,True,254.0,278.0,23.0,307.0,-12.44,12.44,323.0,-0.3765,0.1877,3.205,0.108,1.6329,-0.0163,0.0404,1.7104
32.985,Overhead Squat Phase,True,251.0,284.0,23.0,307.0,-12.44,12.44,323.0,-0.3802,0.2122,3.108,0.108,1.6329,-0.0163,0.0404,1.7104
33.081,Overhead Squat Phase,True,252.0,284.0,23.0,307.0,-12.44,12.44,323.0,-0.391,0.2211,3.239,0.108,1.6329,-0.0163,0.0404,1.7104
33.174,Overhead Squat Phase,True,248.0,288.0,23.0,307.0,-12.44,12.44,323.0,-0.3953,0.2323,3.108,0.108,1.6329,-0.0163,0.0404,1.7104
33.267,Overhead Squat Phase,True,249.0,288.0,23.0,307.0,-12.44,12.44,323.0,-0.4046,0.2408,3.222,0.108,1.6329,-0.0163,0.0404,1.7104
33.347,Overhead Squat Phase,True,246.0,293.0,23.0,307.0,-12.44,12.44,323.0,-0.4074,0.2587,3.123,0.108,1.6329,-0.0163,0.0404,1.7104
33.442,Overhead Squat Phase,True,246.0,292.0,23.0,307.0,-12.44,12.44,323.0,-0.4203,0.2617,3.222,0.108,1.6329,-0.0163,0.0404,1.7104
33.536,Overhead Squat Phase,True,244.0,294.0,23.0,307.0,-12.44,12.44,323.0,-0.424,0.2679,3.172,0.108,1.6329,-0.0163,0.0404,1.7104
33.632,Overhead Squat Phase,True,243.0,293.0,23.0,307.0,-12.44,12.44,323.0,-0.4405,0.2697,3.256,0.108,1.6329,-0.0163,0.0404,1.7104
33.725,Overhead Squat Phase,True,243.0,295.0,23.0,307.0,-12.44,12.44,323.0,-0.4359,0.2773,3.222,0.108,1.6329,-0.0163,0.0404,1.7104
33.816,Overhead Squat Phase,True,242.0,296.0,23.0,307.0,-12.44,12.44,323.0,-0.4388,0.281,3.205,0.108,1.6329,-0.0163,0.0404,1.7104
33.914,Overhead Squat Phase,True,242.0,297.0,23.0,307.0,-12.44,12.44,323.0,-0.4388,0.2862,3.205,0.108,1.6329,-0.0163,0.0404,1.7104
34.007,Overhead Squat Phase,True,241.0,297.0,23.0,307.0,-12.44,12.44,323.0,-0.444,0.2862,3.205,0.108,1.6329,-0.0163,0.0404,1.7104
34.101,Overhead Squat Phase,True,241.0,297.0,23.0,307.0,-12.44,12.44,323.0,-0.444,0.2862,3.205,0.108,1.6329,-0.0163,0.0404,1.7104
34.196,Overhead Squat Phase,True,241.0,297.0,23.0,307.0,-12.44,12.44,323.0,-0.4464,0.2877,3.222,0.108,1.6329,-0.0163,0.0404,1.7104
34.289,Overhead Squat Phase,True,241.0,298.0,23.0,307.0,-12.44,12.44,323.0,-0.4417,0.2899,3.188,0.108,1.6329,-0.0163,0.0404,1.7104
34.369,Overhead Squat Phase,True,241.0,297.0,23.0,307.0,-12.44,12.44,323.0,-0.4417,0.2847,3.188,0.108,1.6329,-0.0163,0.0404,1.7104
34.462,Overhead Squat Phase,True,241.0,297.0,23.0,307.0,-12.44,12.44,323.0,-0.4417,0.2847,3.188,0.108,1.6329,-0.0163,0.0404,1.7104
34.542,Overhead Squat Phase,True,242.0,297.0,23.0,307.0,-12.44,12.44,323.0,-0.4388,0.2862,3.205,0.108,1.6329,-0.0163,0.0404,1.7104
34.637,Overhead Squat Phase,True,242.0,298.0,23.0,307.0,-12.44,12.44,323.0,-0.4365,0.2899,3.188,0.108,1.6329,-0.0163,0.0404,1.7104
34.732,Overhead Squat Phase,True,242.0,297.0,23.0,307.0,-12.44,12.44,323.0,-0.4365,0.2847,3.188,0.108,1.6329,-0.0163,0.0404,1.7104
34.827,Overhead Squat Phase,True,241.0,296.0,23.0,307.0,-12.44,12.44,323.0,-0.4417,0.2795,3.188,0.108,1.6329,-0.0163,0.0404,1.7104
34.922,Overhead Squat Phase,True,242.0,297.0,23.0,307.0,-12.44,12.44,323.0,-0.4321,0.2818,3.156,0.108,1.6329,-0.0163,0.0404,1.7104
35.014,Overhead Squat Phase,True,243.0,297.0,23.0,307.0,-12.44,12.44,323.0,-0.427,0.2818,3.156,0.108,1.6329,-0.0163,0.0404,1.7104
35.095,Overhead Squat Phase,True,242.0,296.0,23.0,307.0,-12.44,12.44,323.0,-0.4365,0.2795,3.188,0.108,1.6329,-0.0163,0.0404,1.7104
35.192,Overhead Squat Phase,True,242.0,296.0,23.0,307.0,-12.44,12.44,323.0,-0.4365,0.2795,3.188,0.108,1.6329,-0.0163,0.0404,1.7104
35.286,Overhead Squat Phase,True,243.0,297.0,23.0,307.0,-12.44,12.44,323.0,-0.4336,0.2862,3.205,0.108,1.6329,-0.0163,0.0404,1.7104
35.381,Overhead Squat Phase,True,244.0,297.0,23.0,307.0,-12.44,12.44,323.0,-0.4284,0.2862,3.205,0.108,1.6329,-0.0163,0.0404,1.7104
35.476,Overhead Squat Phase,True,244.0,297.0,23.0,307.0,-12.44,12.44,323.0,-0.4219,0.2818,3.156,0.108,1.6329,-0.0163,0.0404,1.7104
35.575,Overhead Squat Phase,True,244.0,296.0,23.0,307.0,-12.44,12.44,323.0,-0.424,0.2781,3.172,0.108,1.6329,-0.0163,0.0404,1.7104
35.667,Overhead Squat Phase,True,244.0,296.0,23.0,307.0,-12.44,12.44,323.0,-0.424,0.2781,3.172,0.108,1.6329,-0.0163,0.0404,1.7104
35.768,Overhead Squat Phase,True,244.0,296.0,23.0,307.0,-12.44,12.44,323.0,-0.424,0.2781,3.172,0.108,1.6329,-0.0163,0.0404,1.7104
35.865,Overhead Squat Phase,True,243.0,295.0,23.0,307.0,-12.44,12.44,323.0,-0.4292,0.273,3.172,0.108,1.6329,-0.0163,0.0404,1.7104
35.949,Overhead Squat Phase,True,244.0,296.0,23.0,307.0,-12.44,12.44,323.0,-0.4219,0.2767,3.156,0.108,1.6329,-0.0163,0.0404,1.7104
36.042,Overhead Squat Phase,True,244.0,296.0,23.0,307.0,-12.44,12.44,323.0,-0.4219,0.2767,3.156,0.108,1.6329,-0.0163,0.0404,1.7104
36.141,Overhead Squat Phase,True,245.0,296.0,23.0,307.0,-12.44,12.44,323.0,-0.4168,0.2767,3.156,0.108,1.6329,-0.0163,0.0404,1.7104
36.243,Overhead Squat Phase,True,244.0,295.0,23.0,307.0,-12.44,12.44,323.0,-0.4219,0.2716,3.156,0.108,1.6329,-0.0163,0.0404,1.7104
36.328,Overhead Squat Phase,True,245.0,296.0,23.0,307.0,-12.44,12.44,323.0,-0.4145,0.2753,3.139,0.108,1.6329,-0.0163,0.0404,1.7104
36.428,Overhead Squat Phase,True,245.0,297.0,23.0,307.0,-12.44,12.44,323.0,-0.4145,0.2803,3.139,0.108,1.6329,-0.0163,0.0404,1.7104
36.524,Overhead Squat Phase,True,245.0,296.0,23.0,307.0,-12.44,12.44,323.0,-0.4168,0.2767,3.156,0.108,1.6329,-0.0163,0.0404,1.7104
36.617,Overhead Squat Phase,True,245.0,296.0,23.0,307.0,-12.44,12.44,323.0,-0.4168,0.2767,3.156,0.108,1.6329,-0.0163,0.0404,1.7104
36.71,Overhead Squat Phase,True,245.0,296.0,23.0,307.0,-12.44,12.44,323.0,-0.4168,0.2767,3.156,0.108,1.6329,-0.0163,0.0404,1.7104
36.804,Overhead Squat Phase,True,244.0,296.0,23.0,307.0,-12.44,12.44,323.0,-0.4284,0.281,3.205,0.108,1.6329,-0.0163,0.0404,1.7104
36.901,Overhead Squat Phase,True,245.0,297.0,23.0,307.0,-12.44,12.44,323.0,-0.4233,0.2862,3.205,0.108,1.6329,-0.0163,0.0404,1.7104
36.996,Overhead Squat Phase,True,245.0,296.0,23.0,307.0,-12.44,12.44,323.0,-0.4189,0.2781,3.172,0.108,1.6329,-0.0163,0.0404,1.7104
37.092,Overhead Squat Phase,True,245.0,299.0,23.0,307.0,-12.44,12.44,323.0,-0.4124,0.289,3.123,0.108,1.6329,-0.0163,0.0404,1.7104
37.196,Overhead Squat Phase,True,245.0,298.0,23.0,307.0,-12.44,12.44,323.0,-0.4233,0.2914,3.205,0.108,1.6329,-0.0163,0.0404,1.7104
37.284,Overhead Squat Phase,True,244.0,299.0,23.0,307.0,-12.44,12.44,323.0,-0.424,0.2935,3.172,0.108,1.6329,-0.0163,0.0404,1.7104
37.385,Overhead Squat Phase,True,245.0,300.0,23.0,307.0,-12.44,12.44,323.0,-0.421,0.3002,3.188,0.108,1.6329,-0.0163,0.0404,1.7104
37.474,Overhead Squat Phase,True,245.0,301.0,23.0,307.0,-12.44,12.44,323.0,-0.4189,0.3038,3.172,0.108,1.6329,-0.0163,0.0404,1.7104
37.569,Overhead Squat Phase,True,245.0,302.0,23.0,307.0,-12.44,12.44,323.0,-0.4233,0.3122,3.205,0.108,1.6329,-0.0163,0.0404,1.7104
37.675,Overhead Squat Phase,True,245.0,303.0,23.0,307.0,-12.44,12.44,323.0,-0.4233,0.3173,3.205,0.108,1.6329,-0.0163,0.0404,1.7104
37.772,Overhead Squat Phase,True,245.0,304.0,23.0,307.0,-12.44,12.44,323.0,-0.421,0.3208,3.188,0.108,1.6329,-0.0163,0.0404,1.7104
37.866,Overhead Squat Phase,True,245.0,307.0,23.0,307.0,-12.44,12.44,323.0,-0.4124,0.3294,3.123,0.108,1.6329,-0.0163,0.0404,1.7104
37.961,Overhead Squat Phase,True,245.0,307.0,23.0,307.0,-12.44,12.44,323.0,-0.4233,0.3381,3.205,0.108,1.6329,-0.0163,0.0404,1.7104
38.056,Overhead Squat Phase,True,245.0,311.0,23.0,307.0,-12.44,12.44,323.0,-0.4145,0.3514,3.139,0.108,1.6329,-0.0163,0.0404,1.7104
38.149,Overhead Squat Phase,True,245.0,311.0,23.0,307.0,-12.44,12.44,323.0,-0.4277,0.3626,3.239,0.108,1.6329,-0.0163,0.0404,1.7104
38.246,Overhead Squat Phase,True,245.0,315.0,23.0,307.0,-12.44,12.44,323.0,-0.4145,0.3718,3.139,0.108,1.6329,-0.0163,0.0404,1.7104
38.341,Overhead Squat Phase,True,245.0,314.0,23.0,307.0,-12.44,12.44,323.0,-0.4255,0.3764,3.222,0.108,1.6329,-0.0163,0.0404,1.7104
38.439,Overhead Squat Phase,True,245.0,320.0,23.0,307.0,-12.44,12.44,323.0,-0.4124,0.3951,3.123,0.108,1.6329,-0.0163,0.0404,1.7104
38.535,Overhead Squat Phase,True,245.0,319.0,23.0,307.0,-12.44,12.44,323.0,-0.4255,0.4024,3.222,0.108,1.6329,-0.0163,0.0404,1.7104
38.626,Overhead Squat Phase,True,245.0,325.0,23.0,307.0,-12.44,12.44,323.0,-0.4168,0.4248,3.156,0.108,1.6329,-0.0163,0.0404,1.7104
38.726,Overhead Squat Phase,True,245.0,324.0,23.0,307.0,-12.44,12.44,323.0,-0.4277,0.4308,3.239,0.108,1.6329,-0.0163,0.0404,1.7104
38.823,Overhead Squat Phase,True,246.0,331.0,23.0,307.0,-12.44,12.44,323.0,-0.4095,0.453,3.139,0.108,1.6329,-0.0163,0.0404,1.7104
38.914,Overhead Squat Phase,True,246.0,330.0,23.0,307.0,-12.44,12.44,323.0,-0.4225,0.4622,3.239,0.108,1.6329,-0.0163,0.0404,1.7104
39.009,Overhead Squat Phase,True,246.0,337.0,23.0,307.0,-12.44,12.44,323.0,-0.4138,0.4886,3.172,0.108,1.6329,-0.0163,0.0404,1.7104
39.104,Overhead Squat Phase,True,246.0,337.0,23.0,307.0,-12.44,12.44,323.0,-0.4247,0.5015,3.256,0.108,1.6329,-0.0163,0.0404,1.7104
39.199,Overhead Squat Phase,True,246.0,344.0,23.0,307.0,-12.44,12.44,323.0,-0.4138,0.5245,3.172,0.108,1.6329,-0.0163,0.0404,1.7104
39.295,Overhead Squat Phase,True,246.0,343.0,23.0,307.0,-12.44,12.44,323.0,-0.4158,0.522,3.188,0.108,1.6329,-0.0163,0.0404,1.7104
39.395,Overhead Squat Phase,True,245.0,350.0,23.0,307.0,-12.44,12.44,323.0,-0.4189,0.5553,3.172,0.108,1.6329,-0.0163,0.0404,1.7104
39.487,Overhead Squat Phase,True,246.0,352.0,23.0,307.0,-12.44,12.44,323.0,-0.4181,0.5714,3.205,0.108,1.6329,-0.0163,0.0404,1.7104
39.582,Overhead Squat Phase,True,247.0,360.0,23.0,307.0,-12.44,12.44,323.0,-0.4086,0.6066,3.172,0.108,1.6329,-0.0163,0.0404,1.7104
39.675,Overhead Squat Phase,True,246.0,360.0,23.0,307.0,-12.44,12.44,323.0,-0.4203,0.6162,3.222,0.108,1.6329,-0.0163,0.0404,1.7104
39.782,Overhead Squat Phase,True,246.0,367.0,23.0,307.0,-12.44,12.44,323.0,-0.4138,0.6425,3.172,0.108,1.6329,-0.0163,0.0404,1.7104
39.88,Overhead Squat Phase,True,246.0,368.0,23.0,307.0,-12.44,12.44,323.0,-0.4247,0.6648,3.256,0.108,1.6329,-0.0163,0.0404,1.7104
39.978,Overhead Squat Phase,True,247.0,378.0,23.0,307.0,-12.44,12.44,323.0,-0.4107,0.7025,3.188,0.108,1.6329,-0.0163,0.0404,1.7104
40.063,Overhead Squat Phase,True,246.0,377.0,23.0,307.0,-12.44,12.44,323.0,-0.4203,0.7048,3.222,0.108,1.6329,-0.0163,0.0404,1.7104
40.158,Overhead Squat Phase,True,246.0,387.0,23.0,307.0,-12.44,12.44,323.0,-0.4138,0.7452,3.172,0.108,1.6329,-0.0163,0.0404,1.7104
40.252,Overhead Squat Phase,True,246.0,387.0,23.0,307.0,-12.44,12.44,323.0,-0.4203,0.7569,3.222,0.108,1.6329,-0.0163,0.0404,1.7104
40.348,Overhead Squat Phase,True,245.0,398.0,23.0,307.0,-12.44,12.44,323.0,-0.4168,0.7976,3.156,0.108,1.6329,-0.0163,0.0404,1.7104
40.438,Overhead Squat Phase,True,244.0,397.0,23.0,307.0,-12.44,12.44,323.0,-0.4353,0.8176,3.256,0.108,1.6329,-0.0163,0.0404,1.7104
40.535,Overhead Squat Phase,True,244.0,410.0,23.0,307.0,-12.44,12.44,323.0,-0.4196,0.8543,3.139,0.108,1.6329,-0.0163,0.0404,1.7104
40.631,Overhead Squat Phase,True,244.0,410.0,23.0,307.0,-12.44,12.44,323.0,-0.433,0.8815,3.239,0.108,1.6329,-0.0163,0.0404,1.7104
40.729,Overhead Squat Phase,True,244.0,422.0,23.0,307.0,-12.44,12.44,323.0,-0.4175,0.9105,3.123,0.108,1.6329,-0.0163,0.0404,1.7104
40.816,Overhead Squat Phase,True,244.0,421.0,23.0,307.0,-12.44,12.44,323.0,-0.4307,0.9342,3.222,0.108,1.6329,-0.0163,0.0404,1.7104
40.909,Overhead Squat Phase,True,243.0,428.0,23.0,307.0,-12.44,12.44,323.0,-0.4313,0.9604,3.188,0.108,1.6329,-0.0163,0.0404,1.7104
41.003,Overhead Squat Phase,True,244.0,429.0,23.0,307.0,-12.44,12.44,323.0,-0.4307,0.9759,3.222,0.108,1.6329,-0.0163,0.0404,1.7104
41.099,Overhead Squat Phase,True,244.0,422.0,23.0,307.0,-12.44,12.44,323.0,-0.433,0.9444,3.239,0.108,1.6329,-0.0163,0.0404,1.7104
41.194,Overhead Squat Phase,True,244.0,422.0,23.0,307.0,-12.44,12.44,323.0,-0.4262,0.9295,3.188,0.108,1.6329,-0.0163,0.0404,1.7104
41.286,Overhead Squat Phase,True,244.0,414.0,23.0,307.0,-12.44,12.44,323.0,-0.4262,0.8882,3.188,0.108,1.6329,-0.0163,0.0404,1.7104
41.366,Overhead Squat Phase,True,244.0,414.0,23.0,307.0,-12.44,12.44,323.0,-0.4219,0.8793,3.156,0.108,1.6329,-0.0163,0.0404,1.7104
41.447,Overhead Squat Phase,True,245.0,407.0,23.0,307.0,-12.44,12.44,323.0,-0.421,0.8521,3.188,0.108,1.6329,-0.0163,0.0404,1.7104
41.528,Overhead Squat Phase,True,246.0,408.0,23.0,307.0,-12.44,12.44,323.0,-0.4138,0.853,3.172,0.108,1.6329,-0.0163,0.0404,1.7104
41.621,Overhead Squat Phase,True,246.0,400.0,23.0,307.0,-12.44,12.44,323.0,-0.4203,0.8247,3.222,0.108,1.6329,-0.0163,0.0404,1.7104
41.717,Overhead Squat Phase,True,246.0,400.0,23.0,307.0,-12.44,12.44,323.0,-0.4181,0.8204,3.205,0.108,1.6329,-0.0163,0.0404,1.7104
41.812,Overhead Squat Phase,True,247.0,394.0,23.0,307.0,-12.44,12.44,323.0,-0.4173,0.7976,3.239,0.108,1.6329,-0.0163,0.0404,1.7104
41.905,Overhead Squat Phase,True,247.0,394.0,23.0,307.0,-12.44,12.44,323.0,-0.4086,0.7811,3.172,0.108,1.6329,-0.0163,0.0404,1.7104
41.999,Overhead Squat Phase,True,247.0,388.0,23.0,307.0,-12.44,12.44,323.0,-0.4151,0.7621,3.222,0.108,1.6329,-0.0163,0.0404,1.7104
42.093,Overhead Squat Phase,True,247.0,388.0,23.0,307.0,-12.44,12.44,323.0,-0.4107,0.7541,3.188,0.108,1.6329,-0.0163,0.0404,1.7104
42.188,Overhead Squat Phase,True,247.0,382.0,23.0,307.0,-12.44,12.44,323.0,-0.4129,0.727,3.205,0.108,1.6329,-0.0163,0.0404,1.7104
42.282,Overhead Squat Phase,True,248.0,383.0,23.0,307.0,-12.44,12.44,323.0,-0.4035,0.7247,3.172,0.108,1.6329,-0.0163,0.0404,1.7104
42.376,Overhead Squat Phase,True,248.0,379.0,23.0,307.0,-12.44,12.44,323.0,-0.4077,0.7115,3.205,0.108,1.6329,-0.0163,0.0404,1.7104
42.469,Overhead Squat Phase,True,249.0,379.0,23.0,307.0,-12.44,12.44,323.0,-0.4004,0.7077,3.188,0.108,1.6329,-0.0163,0.0404,1.7104
42.564,Overhead Squat Phase,True,249.0,377.0,23.0,307.0,-12.44,12.44,323.0,-0.4025,0.7011,3.205,0.108,1.6329,-0.0163,0.0404,1.7104
42.656,Overhead Squat Phase,True,249.0,376.0,23.0,307.0,-12.44,12.44,323.0,-0.3963,0.6853,3.156,0.108,1.6329,-0.0163,0.0404,1.7104
42.752,Overhead Squat Phase,True,250.0,372.0,23.0,307.0,-12.44,12.44,323.0,-0.3952,0.6716,3.188,0.108,1.6329,-0.0163,0.0404,1.7104
42.847,Overhead Squat Phase,True,250.0,372.0,23.0,307.0,-12.44,12.44,323.0,-0.3952,0.6716,3.188,0.108,1.6329,-0.0163,0.0404,1.7104
42.94,Overhead Squat Phase,True,250.0,369.0,23.0,307.0,-12.44,12.44,323.0,-0.3973,0.6596,3.205,0.108,1.6329,-0.0163,0.0404,1.7104
43.02,Overhead Squat Phase,True,251.0,370.0,23.0,307.0,-12.44,12.44,323.0,-0.39,0.6613,3.188,0.108,1.6329,-0.0163,0.0404,1.7104
43.124,Overhead Squat Phase,True,251.0,368.0,23.0,307.0,-12.44,12.44,323.0,-0.3921,0.6544,3.205,0.108,1.6329,-0.0163,0.0404,1.7104
43.21,Overhead Squat Phase,True,251.0,367.0,23.0,307.0,-12.44,12.44,323.0,-0.3921,0.6492,3.205,0.108,1.6329,-0.0163,0.0404,1.7104
43.305,Overhead Squat Phase,True,250.0,365.0,23.0,307.0,-12.44,12.44,323.0,-0.3994,0.6422,3.222,0.108,1.6329,-0.0163,0.0404,1.7104
43.401,Overhead Squat Phase,True,251.0,365.0,23.0,307.0,-12.44,12.44,323.0,-0.3921,0.6389,3.205,0.108,1.6329,-0.0163,0.0404,1.7104
43.495,Overhead Squat Phase,True,252.0,365.0,23.0,307.0,-12.44,12.44,323.0,-0.3869,0.6389,3.205,0.108,1.6329,-0.0163,0.0404,1.7104
43.588,Overhead Squat Phase,True,252.0,364.0,23.0,307.0,-12.44,12.44,323.0,-0.3829,0.6271,3.172,0.108,1.6329,-0.0163,0.0404,1.7104
43.683,Overhead Squat Phase,True,252.0,364.0,23.0,307.0,-12.44,12.44,323.0,-0.3829,0.6271,3.172,0.108,1.6329,-0.0163,0.0404,1.7104
43.778,Overhead Squat Phase,True,252.0,364.0,23.0,307.0,-12.44,12.44,323.0,-0.3829,0.6271,3.172,0.108,1.6329,-0.0163,0.0404,1.7104
43.869,Overhead Squat Phase,True,253.0,364.0,23.0,307.0,-12.44,12.44,323.0,-0.3778,0.6271,3.172,0.108,1.6329,-0.0163,0.0404,1.7104
43.964,Overhead Squat Phase,True,253.0,364.0,23.0,307.0,-12.44,12.44,323.0,-0.3817,0.6337,3.205,0.108,1.6329,-0.0163,0.0404,1.7104
44.059,Overhead Squat Phase,True,253.0,364.0,23.0,307.0,-12.44,12.44,323.0,-0.3817,0.6337,3.205,0.108,1.6329,-0.0163,0.0404,1.7104
44.152,Overhead Squat Phase,True,253.0,364.0,23.0,307.0,-12.44,12.44,323.0,-0.3817,0.6337,3.205,0.108,1.6329,-0.0163,0.0404,1.7104
44.246,Overhead Squat Phase,True,254.0,365.0,23.0,307.0,-12.44,12.44,323.0,-0.3745,0.6355,3.188,0.108,1.6329,-0.0163,0.0404,1.7104
44.341,Overhead Squat Phase,True,253.0,365.0,23.0,307.0,-12.44,12.44,323.0,-0.3838,0.6422,3.222,0.108,1.6329,-0.0163,0.0404,1.7104
44.438,Overhead Squat Phase,True,253.0,366.0,23.0,307.0,-12.44,12.44,323.0,-0.3817,0.644,3.205,0.108,1.6329,-0.0163,0.0404,1.7104
44.533,Overhead Squat Phase,True,253.0,366.0,23.0,307.0,-12.44,12.44,323.0,-0.3858,0.6509,3.239,0.108,1.6329,-0.0163,0.0404,1.7104
44.625,Overhead Squat Phase,True,254.0,369.0,23.0,307.0,-12.44,12.44,323.0,-0.3765,0.6596,3.205,0.108,1.6329,-0.0163,0.0404,1.7104
44.728,Overhead Squat Phase,True,254.0,369.0,23.0,307.0,-12.44,12.44,323.0,-0.3785,0.6631,3.222,0.108,1.6329,-0.0163,0.0404,1.7104
44.814,Overhead Squat Phase,True,255.0,371.0,23.0,307.0,-12.44,12.44,323.0,-0.3694,0.6664,3.188,0.108,1.6329,-0.0163,0.0404,1.7104
44.908,Overhead Squat Phase,True,255.0,372.0,23.0,307.0,-12.44,12.44,323.0,-0.3714,0.6752,3.205,0.108,1.6329,-0.0163,0.0404,1.7104
45.005,Overhead Squat Phase,True,256.0,375.0,23.0,307.0,-12.44,12.44,323.0,-0.3624,0.6836,3.172,0.108,1.6329,-0.0163,0.0404,1.7104
45.096,Overhead Squat Phase,True,256.0,375.0,23.0,307.0,-12.44,12.44,323.0,-0.3681,0.6944,3.222,0.108,1.6329,-0.0163,0.0404,1.7104
45.193,Overhead Squat Phase,True,256.0,380.0,23.0,307.0,-12.44,12.44,323.0,-0.3624,0.7093,3.172,0.108,1.6329,-0.0163,0.0404,1.7104
45.286,Overhead Squat Phase,True,256.0,380.0,23.0,307.0,-12.44,12.44,323.0,-0.3662,0.7166,3.205,0.108,1.6329,-0.0163,0.0404,1.7104
45.382,Overhead Squat Phase,True,256.0,384.0,23.0,307.0,-12.44,12.44,323.0,-0.3606,0.7261,3.156,0.108,1.6329,-0.0163,0.0404,1.7104
45.476,Overhead Squat Phase,True,256.0,383.0,23.0,307.0,-12.44,12.44,323.0,-0.3681,0.7361,3.222,0.108,1.6329,-0.0163,0.0404,1.7104
45.571,Overhead Squat Phase,True,256.0,389.0,23.0,307.0,-12.44,12.44,323.0,-0.3624,0.7555,3.172,0.108,1.6329,-0.0163,0.0404,1.7104
45.665,Overhead Squat Phase,True,256.0,388.0,23.0,307.0,-12.44,12.44,323.0,-0.3642,0.7541,3.188,0.108,1.6329,-0.0163,0.0404,1.7104
45.758,Overhead Squat Phase,True,256.0,394.0,23.0,307.0,-12.44,12.44,323.0,-0.3586,0.773,3.139,0.108,1.6329,-0.0163,0.0404,1.7104
45.854,Overhead Squat Phase,True,256.0,394.0,23.0,307.0,-12.44,12.44,323.0,-0.3662,0.7892,3.205,0.108,1.6329,-0.0163,0.0404,1.7104
45.945,Overhead Squat Phase,True,257.0,401.0,23.0,307.0,-12.44,12.44,323.0,-0.3517,0.8044,3.123,0.108,1.6329,-0.0163,0.0404,1.7104
46.024,Overhead Squat Phase,True,257.0,401.0,23.0,307.0,-12.44,12.44,323.0,-0.3573,0.817,3.172,0.108,1.6329,-0.0163,0.0404,1.7104
46.106,Overhead Squat Phase,True,257.0,408.0,23.0,307.0,-12.44,12.44,323.0,-0.3517,0.8398,3.123,0.108,1.6329,-0.0163,0.0404,1.7104
46.202,Overhead Squat Phase,True,257.0,407.0,23.0,307.0,-12.44,12.44,323.0,-0.361,0.8567,3.205,0.108,1.6329,-0.0163,0.0404,1.7104
46.301,Overhead Squat Phase,True,258.0,415.0,23.0,307.0,-12.44,12.44,323.0,-0.3485,0.8796,3.139,0.108,1.6329,-0.0163,0.0404,1.7104
46.394,Overhead Squat Phase,True,258.0,414.0,23.0,307.0,-12.44,12.44,323.0,-0.3539,0.8882,3.188,0.108,1.6329,-0.0163,0.0404,1.7104
46.49,Overhead Squat Phase,True,258.0,423.0,23.0,307.0,-12.44,12.44,323.0,-0.3467,0.9156,3.123,0.108,1.6329,-0.0163,0.0404,1.7104
46.588,Overhead Squat Phase,True,257.0,422.0,23.0,307.0,-12.44,12.44,323.0,-0.3648,0.9444,3.239,0.108,1.6329,-0.0163,0.0404,1.7104
46.68,Overhead Squat Phase,True,258.0,429.0,23.0,307.0,-12.44,12.44,323.0,-0.3521,0.9607,3.172,0.108,1.6329,-0.0163,0.0404,1.7104
46.775,Overhead Squat Phase,True,259.0,429.0,23.0,307.0,-12.44,12.44,323.0,-0.3506,0.9707,3.205,0.108,1.6329,-0.0163,0.0404,1.7104
46.874,Overhead Squat Phase,True,259.0,423.0,23.0,307.0,-12.44,12.44,323.0,-0.3525,0.9446,3.222,0.108,1.6329,-0.0163,0.0404,1.7104
46.963,Overhead Squat Phase,True,259.0,424.0,23.0,307.0,-12.44,12.44,323.0,-0.3525,0.9498,3.222,0.108,1.6329,-0.0163,0.0404,1.7104
47.058,Overhead Squat Phase,True,259.0,419.0,23.0,307.0,-12.44,12.44,323.0,-0.3562,0.9335,3.256,0.108,1.6329,-0.0163,0.0404,1.7104
47.155,Overhead Squat Phase,True,260.0,419.0,23.0,307.0,-12.44,12.44,323.0,-0.3472,0.9238,3.222,0.108,1.6329,-0.0163,0.0404,1.7104
47.246,Overhead Squat Phase,True,260.0,416.0,23.0,307.0,-12.44,12.44,323.0,-0.3509,0.9177,3.256,0.108,1.6329,-0.0163,0.0404,1.7104
47.344,Overhead Squat Phase,True,260.0,415.0,23.0,307.0,-12.44,12.44,323.0,-0.3401,0.8844,3.156,0.108,1.6329,-0.0163,0.0404,1.7104
47.438,Overhead Squat Phase,True,261.0,412.0,23.0,307.0,-12.44,12.44,323.0,-0.3384,0.8779,3.188,0.108,1.6329,-0.0163,0.0404,1.7104
47.536,Overhead Squat Phase,True,261.0,411.0,23.0,307.0,-12.44,12.44,323.0,-0.3367,0.8684,3.172,0.108,1.6329,-0.0163,0.0404,1.7104
47.629,Overhead Squat Phase,True,260.0,408.0,23.0,307.0,-12.44,12.44,323.0,-0.3436,0.8573,3.188,0.108,1.6329,-0.0163,0.0404,1.7104
47.732,Overhead Squat Phase,True,261.0,408.0,23.0,307.0,-12.44,12.44,323.0,-0.3402,0.8618,3.205,0.108,1.6329,-0.0163,0.0404,1.7104
48.006,Overhead Squat Phase,True,261.0,406.0,23.0,307.0,-12.44,12.44,323.0,-0.342,0.856,3.222,0.108,1.6329,-0.0163,0.0404,1.7104
48.102,Overhead Squat Phase,True,261.0,405.0,23.0,307.0,-12.44,12.44,323.0,-0.3367,0.8376,3.172,0.108,1.6329,-0.0163,0.0404,1.7104
48.196,Overhead Squat Phase,True,262.0,404.0,23.0,307.0,-12.44,12.44,323.0,-0.3332,0.8366,3.188,0.108,1.6329,-0.0163,0.0404,1.7104
48.293,Overhead Squat Phase,True,262.0,403.0,23.0,307.0,-12.44,12.44,323.0,-0.3316,0.8273,3.172,0.108,1.6329,-0.0163,0.0404,1.7104
48.388,Overhead Squat Phase,True,262.0,402.0,23.0,307.0,-12.44,12.44,323.0,-0.3316,0.8222,3.172,0.108,1.6329,-0.0163,0.0404,1.7104
48.482,Overhead Squat Phase,True,262.0,402.0,23.0,307.0,-12.44,12.44,323.0,-0.3332,0.8263,3.188,0.108,1.6329,-0.0163,0.0404,1.7104
48.58,Overhead Squat Phase,True,263.0,401.0,23.0,307.0,-12.44,12.44,323.0,-0.3298,0.8255,3.205,0.108,1.6329,-0.0163,0.0404,1.7104
48.676,Overhead Squat Phase,True,263.0,401.0,23.0,307.0,-12.44,12.44,323.0,-0.3281,0.8212,3.188,0.108,1.6329,-0.0163,0.0404,1.7104
48.773,Overhead Squat Phase,True,263.0,400.0,23.0,307.0,-12.44,12.44,323.0,-0.3281,0.816,3.188,0.108,1.6329,-0.0163,0.0404,1.7104
48.87,Overhead Squat Phase,True,263.0,400.0,23.0,307.0,-12.44,12.44,323.0,-0.3298,0.8204,3.205,0.108,1.6329,-0.0163,0.0404,1.7104
48.967,Overhead Squat Phase,True,264.0,400.0,23.0,307.0,-12.44,12.44,323.0,-0.3246,0.8204,3.205,0.108,1.6329,-0.0163,0.0404,1.7104
49.055,Overhead Squat Phase,True,264.0,400.0,23.0,307.0,-12.44,12.44,323.0,-0.3229,0.816,3.188,0.108,1.6329,-0.0163,0.0404,1.7104
49.152,Overhead Squat Phase,True,264.0,401.0,23.0,307.0,-12.44,12.44,323.0,-0.3229,0.8212,3.188,0.108,1.6329,-0.0163,0.0404,1.7104
49.254,Overhead Squat Phase,True,265.0,402.0,23.0,307.0,-12.44,12.44,323.0,-0.3178,0.8263,3.188,0.108,1.6329,-0.0163,0.0404,1.7104
49.344,Overhead Squat Phase,True,265.0,403.0,23.0,307.0,-12.44,12.44,323.0,-0.3178,0.8315,3.188,0.108,1.6329,-0.0163,0.0404,1.7104
49.441,Overhead Squat Phase,True,266.0,403.0,23.0,307.0,-12.44,12.44,323.0,-0.3126,0.8315,3.188,0.108,1.6329,-0.0163,0.0404,1.7104
49.533,Overhead Squat Phase,True,266.0,404.0,23.0,307.0,-12.44,12.44,323.0,-0.311,0.8324,3.172,0.108,1.6329,-0.0163,0.0404,1.7104
49.626,Overhead Squat Phase,True,266.0,405.0,23.0,307.0,-12.44,12.44,323.0,-0.3126,0.8418,3.188,0.108,1.6329,-0.0163,0.0404,1.7104
49.722,Overhead Squat Phase,True,266.0,407.0,23.0,307.0,-12.44,12.44,323.0,-0.311,0.8478,3.172,0.108,1.6329,-0.0163,0.0404,1.7104
49.818,Overhead Squat Phase,True,266.0,407.0,23.0,307.0,-12.44,12.44,323.0,-0.3143,0.8567,3.205,0.108,1.6329,-0.0163,0.0404,1.7104
49.92,Overhead Squat Phase,True,267.0,411.0,23.0,307.0,-12.44,12.44,323.0,-0.3059,0.8684,3.172,0.108,1.6329,-0.0163,0.0404,1.7104
50.007,Overhead Squat Phase,True,267.0,410.0,23.0,307.0,-12.44,12.44,323.0,-0.3059,0.8632,3.172,0.108,1.6329,-0.0163,0.0404,1.7104
50.104,Overhead Squat Phase,True,267.0,414.0,23.0,307.0,-12.44,12.44,323.0,-0.3044,0.8793,3.156,0.108,1.6329,-0.0163,0.0404,1.7104
